id;image_url;price;color;processor;memory;storage;screen;connectivity;material;case_size;strap_color;strap_size;product_id
1;https://cdnpro.eraspace.com/media/catalog/product/a/p/apple_macbook_air_15_inci_m3_2024_midnight_1_2_1.jpg;22499000;Midnight;Apple M3 Chip (CPU 8-Core, GPU 10-Core);16 GB;256 GB;;;;;;;1
2;https://cdnpro.eraspace.com/media/catalog/product/a/p/apple_macbook_air_15_inci_m3_2024_space_gray_1_2_1.jpg;22499000;Space Grey;Apple M3 Chip (CPU 8-Core, GPU 10-Core);16 GB;256 GB;;;;;;;1
3;https://cdnpro.eraspace.com/media/catalog/product/a/p/apple_macbook_air_15_inci_m3_2024_silver_1_2_1.jpg;22499000;Silver;Apple M3 Chip (CPU 8-Core, GPU 10-Core);16 GB;256 GB;;;;;;;1
4;https://cdnpro.eraspace.com/media/catalog/product/a/p/apple_macbook_air_15_inci_m3_2024_starlight_1_2_1.jpg;22499000;Starlight;Apple M3 Chip (CPU 8-Core, GPU 10-Core);16 GB;256 GB;;;;;;;1
5;https://cdnpro.eraspace.com/media/catalog/product/a/p/apple_macbook_air_15_inci_m3_2024_midnight_1_2_1.jpg;26499000;Midnight;Apple M3 Chip (CPU 8-Core, GPU 10-Core);16 GB;512 GB;;;;;;;1
6;https://cdnpro.eraspace.com/media/catalog/product/a/p/apple_macbook_air_15_inci_m3_2024_space_gray_1_2_1.jpg;26499000;Space Grey;Apple M3 Chip (CPU 8-Core, GPU 10-Core);16 GB;512 GB;;;;;;;1
7;https://cdnpro.eraspace.com/media/catalog/product/a/p/apple_macbook_air_15_inci_m3_2024_silver_1_2_1.jpg;26499000;Silver;Apple M3 Chip (CPU 8-Core, GPU 10-Core);16 GB;512 GB;;;;;;;1
8;https://cdnpro.eraspace.com/media/catalog/product/a/p/apple_macbook_air_15_inci_m3_2024_starlight_1_2_1.jpg;26499000;Starlight;Apple M3 Chip (CPU 8-Core, GPU 10-Core);16 GB;512 GB;;;;;;;1
9;https://cdnpro.eraspace.com/media/catalog/product/a/p/apple_macbook_air_15_inci_m3_2024_midnight_1_2_1.jpg;29499000;Midnight;Apple M3 Chip (CPU 8-Core, GPU 10-Core);24 GB;512 GB;;;;;;;1
10;https://cdnpro.eraspace.com/media/catalog/product/a/p/apple_macbook_air_15_inci_m3_2024_space_gray_1_2_1.jpg;29499000;Space Grey;Apple M3 Chip (CPU 8-Core, GPU 10-Core);24 GB;512 GB;;;;;;;1
11;https://cdnpro.eraspace.com/media/catalog/product/a/p/apple_macbook_air_15_inci_m3_2024_silver_1_2_1.jpg;29499000;Silver;Apple M3 Chip (CPU 8-Core, GPU 10-Core);24 GB;512 GB;;;;;;;1
12;https://cdnpro.eraspace.com/media/catalog/product/a/p/apple_macbook_air_15_inci_m3_2024_starlight_1_2_1.jpg;29499000;Starlight;Apple M3 Chip (CPU 8-Core, GPU 10-Core);24 GB;512 GB;;;;;;;1
13;https://cdnpro.eraspace.com/media/catalog/product/a/p/apple_macbook_air_13_inci_m3_2024_midnight_1_2_1.jpg;16999000;Midnight;Apple M2 Chip (CPU 8-Core, GPU 8-Core);16 GB;256 GB;;;;;;;2
14;https://cdnpro.eraspace.com/media/catalog/product/a/p/apple_macbook_air_13_inci_m3_2024_space_gray_1_3.jpg;16999000;Space Grey;Apple M2 Chip (CPU 8-Core, GPU 8-Core);16 GB;256 GB;;;;;;;2
15;https://cdnpro.eraspace.com/media/catalog/product/a/p/apple_macbook_air_13_inci_m3_2024_starlight_1_2_1.jpg;16999000;Starlight;Apple M2 Chip (CPU 8-Core, GPU 8-Core);16 GB;256 GB;;;;;;;2
16;https://cdnpro.eraspace.com/media/catalog/product/a/p/apple_macbook_air_13_inci_m3_2024_midnight_1_2_1.jpg;18999000;Midnight;Apple M3 Chip (CPU 8-Core, GPU 8-Core);16 GB;256 GB;;;;;;;2
17;https://cdnpro.eraspace.com/media/catalog/product/a/p/apple_macbook_air_13_inci_m3_2024_space_gray_1_3.jpg;18999000;Space Grey;Apple M3 Chip (CPU 8-Core, GPU 8-Core);16 GB;256 GB;;;;;;;2
18;https://cdnpro.eraspace.com/media/catalog/product/a/p/apple_macbook_air_13_inci_m3_2024_silver_1_2_1.jpg;18999000;Silver;Apple M3 Chip (CPU 8-Core, GPU 8-Core);16 GB;256 GB;;;;;;;2
19;https://cdnpro.eraspace.com/media/catalog/product/a/p/apple_macbook_air_13_inci_m3_2024_starlight_1_2_1.jpg;18999000;Starlight;Apple M3 Chip (CPU 8-Core, GPU 8-Core);16 GB;256 GB;;;;;;;2
20;https://cdnpro.eraspace.com/media/catalog/product/a/p/apple_macbook_air_13_inci_m3_2024_midnight_1_2_1.jpg;22999000;Midnight;Apple M3 Chip (CPU 8-Core, GPU 10-Core);16 GB;512 GB;;;;;;;2
21;https://cdnpro.eraspace.com/media/catalog/product/a/p/apple_macbook_air_13_inci_m3_2024_space_gray_1_3.jpg;22999000;Space Grey;Apple M3 Chip (CPU 8-Core, GPU 10-Core);16 GB;512 GB;;;;;;;2
22;https://cdnpro.eraspace.com/media/catalog/product/a/p/apple_macbook_air_13_inci_m3_2024_silver_1_2_1.jpg;22999000;Silver;Apple M3 Chip (CPU 8-Core, GPU 10-Core);16 GB;512 GB;;;;;;;2
23;https://cdnpro.eraspace.com/media/catalog/product/a/p/apple_macbook_air_13_inci_m3_2024_starlight_1_2_1.jpg;22999000;Starlight;Apple M3 Chip (CPU 8-Core, GPU 10-Core);16 GB;512 GB;;;;;;;2
24;https://cdnpro.eraspace.com/media/catalog/product/a/p/apple_macbook_air_13_inci_m3_2024_midnight_1_2_1.jpg;25999000;Midnight;Apple M3 Chip (CPU 8-Core, GPU 10-Core);24 GB;512 GB;;;;;;;2
25;https://cdnpro.eraspace.com/media/catalog/product/a/p/apple_macbook_air_13_inci_m3_2024_space_gray_1_3.jpg;25999000;Space Grey;Apple M3 Chip (CPU 8-Core, GPU 10-Core);24 GB;512 GB;;;;;;;2
26;https://cdnpro.eraspace.com/media/catalog/product/a/p/apple_macbook_air_13_inci_m3_2024_silver_1_2_1.jpg;25999000;Silver;Apple M3 Chip (CPU 8-Core, GPU 10-Core);24 GB;512 GB;;;;;;;2
27;https://cdnpro.eraspace.com/media/catalog/product/a/p/apple_macbook_air_13_inci_m3_2024_starlight_1_2_1.jpg;25999000;Starlight;Apple M3 Chip (CPU 8-Core, GPU 10-Core);24 GB;512 GB;;;;;;;2
28;https://cdnpro.eraspace.com/media/catalog/product/m/a/macbook_air_m1_space_gray_1.jpg;11999000;Midnight;Apple M1 Chip (CPU 8-Core, GPU 7-Core);8 GB;256 GB;;;;;;;3
29;https://cdnpro.eraspace.com/media/catalog/product/m/a/macbook_air_m1_silver_1.jpg;11999000;Silver;Apple M1 Chip (CPU 8-Core, GPU 7-Core);8 GB;256 GB;;;;;;;3
30;https://cdnpro.eraspace.com/media/catalog/product/m/a/macbook_air_m1_gold_1.jpg;11999000;Gold;Apple M1 Chip (CPU 8-Core, GPU 7-Core);8 GB;256 GB;;;;;;;3
31;https://cdnpro.eraspace.com/media/catalog/product/m/a/macbook_pro_16-inch_m3_pro_max_silver_1_1_2.jpg;57999000;Silver;Apple M3 Max Chip (CPU 14-Core, GPU 30-Core);36 GB;1 TB;;;;;;;4
32;https://cdnpro.eraspace.com/media/catalog/product/m/a/macbook_pro_16-inch_m3_pro_max_space_black_1_1_2.jpg;57999000;Space Black;Apple M3 Max Chip (CPU 14-Core, GPU 30-Core);36 GB;1 TB;;;;;;;4
33;https://cdnpro.eraspace.com/media/catalog/product/m/a/macbook_pro_16-inch_m3_pro_max_silver_1_1_2.jpg;66499000;Silver;Apple M3 Max Chip (CPU 16-Core, GPU 40-Core);48 GB;1 TB;;;;;;;4
34;https://cdnpro.eraspace.com/media/catalog/product/m/a/macbook_pro_16-inch_m3_pro_max_space_black_1_1_2.jpg;66499000;Space Black;Apple M3 Max Chip (CPU 16-Core, GPU 40-Core);48 GB;1 TB;;;;;;;4
35;https://cdnpro.eraspace.com/media/catalog/product/m/a/macbook_pro_16-inch_m3_pro_max_silver_1_1.jpg;40999000;Silver;Apple M3 Pro Chip (CPU 12-Core, GPU 18-Core);18 GB;512 GB;;;;;;;5
36;https://cdnpro.eraspace.com/media/catalog/product/m/a/macbook_pro_16-inch_m3_pro_max_space_black_1_1.jpg;40999000;Space Black;Apple M3 Pro Chip (CPU 12-Core, GPU 18-Core);18 GB;512 GB;;;;;;;5
37;https://cdnpro.eraspace.com/media/catalog/product/m/a/macbook_pro_16-inch_m3_pro_max_silver_1_1.jpg;47499000;Silver;Apple M3 Pro Chip (CPU 12-Core, GPU 18-Core);36 GB;512 GB;;;;;;;5
38;https://cdnpro.eraspace.com/media/catalog/product/m/a/macbook_pro_16-inch_m3_pro_max_space_black_1_1.jpg;47499000;Space Black;Apple M3 Pro Chip (CPU 12-Core, GPU 18-Core);36 GB;512 GB;;;;;;;5
39;https://cdnpro.eraspace.com/media/catalog/product/m/a/macbook_pro_14-inch_m3_pro_max_silver_1_3.jpg;56499000;Silver;Apple M3 Max Chip (CPU 14-Core, GPU 30-Core);36 GB;1 TB;;;;;;;6
40;https://cdnpro.eraspace.com/media/catalog/product/m/a/macbook_pro_14-inch_m3_pro_max_space_black_1_3.jpg;56499000;Space Black;Apple M3 Max Chip (CPU 14-Core, GPU 30-Core);36 GB;1 TB;;;;;;;6
41;https://cdnpro.eraspace.com/media/catalog/product/m/a/macbook_pro_14-inch_m3_pro_max_silver_1_1.jpg;32999000;Silver;Apple M3 Pro Chip (CPU 11-Core, GPU 14-Core);18 GB;512 GB;;;;;;;7
42;https://cdnpro.eraspace.com/media/catalog/product/m/a/macbook_pro_14-inch_m3_pro_max_space_black_1_1.jpg;32999000;Space Black;Apple M3 Pro Chip (CPU 11-Core, GPU 14-Core);18 GB;512 GB;;;;;;;7
43;https://cdnpro.eraspace.com/media/catalog/product/m/a/macbook_pro_14-inch_m3_pro_max_silver_1_1.jpg;39999000;Silver;Apple M3 Pro Chip (CPU 12-Core, GPU 18-Core);18 GB;1 TB;;;;;;;7
44;https://cdnpro.eraspace.com/media/catalog/product/m/a/macbook_pro_14-inch_m3_pro_max_space_black_1_1.jpg;39999000;Space Black;Apple M3 Pro Chip (CPU 12-Core, GPU 18-Core);18 GB;1 TB;;;;;;;7
45;https://cdnpro.eraspace.com/media/catalog/product/m/a/macbook_pro_14-inch_m3_space_grey_1_1.jpg;25999000;Space Grey;Apple M3 Chip (CPU 8-Core, GPU 10-Core);8 GB;512 GB;;;;;;;8
46;https://cdnpro.eraspace.com/media/catalog/product/m/a/macbook_pro_14-inch_m3_silver_1_1.jpg;25999000;Silver;Apple M3 Chip (CPU 8-Core, GPU 10-Core);8 GB;512 GB;;;;;;;8
47;https://cdnpro.eraspace.com/media/catalog/product/m/a/macbook_pro_14-inch_m3_space_grey_1_1.jpg;29499000;Space Grey;Apple M3 Chip (CPU 8-Core, GPU 10-Core);8 GB;1 TB;;;;;;;8
48;https://cdnpro.eraspace.com/media/catalog/product/m/a/macbook_pro_14-inch_m3_silver_1_1.jpg;29499000;Silver;Apple M3 Chip (CPU 8-Core, GPU 10-Core);8 GB;1 TB;;;;;;;8
49;https://cdnpro.eraspace.com/media/catalog/product/i/m/imac_24-inch_m3_2-port_blue_1.jpg;20499000;Blue;Apple M3 Chip (CPU 8-Core, GPU 8-Core);8 GB;256 GB;;;;;;;11
50;https://cdnpro.eraspace.com/media/catalog/product/i/m/imac_24-inch_m3_2-port_green_1.jpg;20499000;Green;Apple M3 Chip (CPU 8-Core, GPU 8-Core);8 GB;256 GB;;;;;;;11
51;https://cdnpro.eraspace.com/media/catalog/product/i/m/imac_24-inch_m3_2-port_pink_1.jpg;20499000;Pink;Apple M3 Chip (CPU 8-Core, GPU 8-Core);8 GB;256 GB;;;;;;;11
52;https://cdnpro.eraspace.com/media/catalog/product/i/m/imac_24-inch_m3_2-port_silver_1.jpg;20499000;Silver;Apple M3 Chip (CPU 8-Core, GPU 8-Core);8 GB;256 GB;;;;;;;11
53;https://cdnpro.eraspace.com/media/catalog/product/i/m/imac_24-inch_m3_2-port_blue_1.jpg;23999000;Blue;Apple M3 Chip (CPU 8-Core, GPU 10-Core);8 GB;256 GB;;;;;;;11
54;https://cdnpro.eraspace.com/media/catalog/product/i/m/imac_24-inch_m3_2-port_green_1.jpg;23999000;Green;Apple M3 Chip (CPU 8-Core, GPU 10-Core);8 GB;256 GB;;;;;;;11
55;https://cdnpro.eraspace.com/media/catalog/product/i/m/imac_24-inch_m3_2-port_pink_1.jpg;23999000;Pink;Apple M3 Chip (CPU 8-Core, GPU 10-Core);8 GB;256 GB;;;;;;;11
56;https://cdnpro.eraspace.com/media/catalog/product/i/m/imac_24-inch_m3_2-port_silver_1.jpg;23999000;Silver;Apple M3 Chip (CPU 8-Core, GPU 10-Core);8 GB;256 GB;;;;;;;11
57;https://cdnpro.eraspace.com/media/catalog/product/i/m/imac_24-inch_m3_2-port_blue_1.jpg;26999000;Blue;Apple M3 Chip (CPU 8-Core, GPU 10-Core);8 GB;512 GB;;;;;;;11
58;https://cdnpro.eraspace.com/media/catalog/product/i/m/imac_24-inch_m3_2-port_green_1.jpg;26999000;Green;Apple M3 Chip (CPU 8-Core, GPU 10-Core);8 GB;512 GB;;;;;;;11
59;https://cdnpro.eraspace.com/media/catalog/product/i/m/imac_24-inch_m3_2-port_pink_1.jpg;26999000;Pink;Apple M3 Chip (CPU 8-Core, GPU 10-Core);8 GB;512 GB;;;;;;;11
60;https://cdnpro.eraspace.com/media/catalog/product/i/p/ipad_pro_13-inch_m4_wi-fi_silver_1_5.jpg;24999000;Silver;;;256 GB;Standard Glass;Wi-Fi;;;;;12
61;https://cdnpro.eraspace.com/media/catalog/product/i/p/ipad_pro_13-inch_m4_wi-fi_space_black_1_5.jpg;24999000;Space Black;;;256 GB;Standard Glass;Wi-Fi;;;;;12
62;https://cdnpro.eraspace.com/media/catalog/product/i/p/ipad_pro_13-inch_m4_wi-fi_silver_1_5.jpg;29499000;Silver;;;512 GB;Standard Glass;Wi-Fi;;;;;12
63;https://cdnpro.eraspace.com/media/catalog/product/i/p/ipad_pro_13-inch_m4_wi-fi_space_black_1_5.jpg;29499000;Space Black;;;512 GB;Standard Glass;Wi-Fi;;;;;12
64;https://cdnpro.eraspace.com/media/catalog/product/i/p/ipad_pro_13-inch_m4_wi-fi_silver_1_5.jpg;30999000;Silver;;;256 GB;Standard Glass;Wi-Fi + Cellular;;;;;12
65;https://cdnpro.eraspace.com/media/catalog/product/i/p/ipad_pro_13-inch_m4_wi-fi_space_black_1_5.jpg;30999000;Space Black;;;256 GB;Standard Glass;Wi-Fi + Cellular;;;;;12
66;https://cdnpro.eraspace.com/media/catalog/product/i/p/ipad_pro_13-inch_m4_wi-fi_silver_1_5.jpg;34999000;Silver;;;512 GB;Standard Glass;Wi-Fi + Cellular;;;;;12
67;https://cdnpro.eraspace.com/media/catalog/product/i/p/ipad_pro_13-inch_m4_wi-fi_space_black_1_5.jpg;34999000;Space Black;;;512 GB;Standard Glass;Wi-Fi + Cellular;;;;;12
68;https://cdnpro.eraspace.com/media/catalog/product/i/p/ipad_pro_13-inch_m4_wi-fi_silver_1_5.jpg;38499000;Silver;;;1 TB;Standard Glass;Wi-Fi;;;;;12
69;https://cdnpro.eraspace.com/media/catalog/product/i/p/ipad_pro_13-inch_m4_wi-fi_space_black_1_5.jpg;38499000;Space Black;;;1 TB;Standard Glass;Wi-Fi;;;;;12
70;https://cdnpro.eraspace.com/media/catalog/product/i/p/ipad_pro_13-inch_m4_wi-fi_silver_1_5.jpg;39999000;Silver;;;1 TB;Nano-texture Glass;Wi-Fi;;;;;12
71;https://cdnpro.eraspace.com/media/catalog/product/i/p/ipad_pro_13-inch_m4_wi-fi_space_black_1_5.jpg;39999000;Space Black;;;1 TB;Nano-texture Glass;Wi-Fi;;;;;12
72;https://cdnpro.eraspace.com/media/catalog/product/i/p/ipad_pro_13-inch_m4_wi-fi_silver_1_5.jpg;42999000;Silver;;;1 TB;Standard Glass;Wi-Fi + Cellular;;;;;12
73;https://cdnpro.eraspace.com/media/catalog/product/i/p/ipad_pro_13-inch_m4_wi-fi_space_black_1_5.jpg;42999000;Space Black;;;1 TB;Standard Glass;Wi-Fi + Cellular;;;;;12
74;https://cdnpro.eraspace.com/media/catalog/product/i/p/ipad_pro_13-inch_m4_wi-fi_silver_1_5.jpg;45499000;Silver;;;1 TB;Nano-texture Glass;Wi-Fi + Cellular;;;;;12
75;https://cdnpro.eraspace.com/media/catalog/product/i/p/ipad_pro_13-inch_m4_wi-fi_space_black_1_5.jpg;45499000;Space Black;;;1 TB;Nano-texture Glass;Wi-Fi + Cellular;;;;;12
76;https://cdnpro.eraspace.com/media/catalog/product/i/p/ipad_pro_13-inch_m4_wi-fi_silver_1_5.jpg;46499000;Silver;;;2 TB;Standard Glass;Wi-Fi;;;;;12
77;https://cdnpro.eraspace.com/media/catalog/product/i/p/ipad_pro_13-inch_m4_wi-fi_space_black_1_5.jpg;46499000;Space Black;;;2 TB;Standard Glass;Wi-Fi;;;;;12
78;https://cdnpro.eraspace.com/media/catalog/product/i/p/ipad_pro_13-inch_m4_wi-fi_silver_1_5.jpg;47999000;Silver;;;2 TB;Nano-texture Glass;Wi-Fi;;;;;12
79;https://cdnpro.eraspace.com/media/catalog/product/i/p/ipad_pro_13-inch_m4_wi-fi_space_black_1_5.jpg;47999000;Space Black;;;2 TB;Nano-texture Glass;Wi-Fi;;;;;12
80;https://cdnpro.eraspace.com/media/catalog/product/i/p/ipad_pro_13-inch_m4_wi-fi_silver_1_5.jpg;50999000;Silver;;;2 TB;Standard Glass;Wi-Fi + Cellular;;;;;12
81;https://cdnpro.eraspace.com/media/catalog/product/i/p/ipad_pro_13-inch_m4_wi-fi_space_black_1_5.jpg;50999000;Space Black;;;2 TB;Standard Glass;Wi-Fi + Cellular;;;;;12
82;https://cdnpro.eraspace.com/media/catalog/product/i/p/ipad_pro_13-inch_m4_wi-fi_silver_1_5.jpg;53499000;Silver;;;2 TB;Nano-texture Glass;Wi-Fi + Cellular;;;;;12
83;https://cdnpro.eraspace.com/media/catalog/product/i/p/ipad_pro_13-inch_m4_wi-fi_space_black_1_5.jpg;53499000;Space Black;;;2 TB;Nano-texture Glass;Wi-Fi + Cellular;;;;;12
84;https://cdnpro.eraspace.com/media/catalog/product/i/p/ipad_pro_11-inch_m4_wi-fi_silver_1_5.jpg;18999000;Silver;;;256 GB;Standard Glass;Wi-Fi;;;;;13
85;https://cdnpro.eraspace.com/media/catalog/product/i/p/ipad_pro_11-inch_m4_wi-fi_space_black_1_5.jpg;18999000;Space Black;;;256 GB;Standard Glass;Wi-Fi;;;;;13
86;https://cdnpro.eraspace.com/media/catalog/product/i/p/ipad_pro_11-inch_m4_wi-fi_silver_1_5.jpg;23999000;Silver;;;256 GB;Standard Glass;Wi-Fi + Cellular;;;;;13
87;https://cdnpro.eraspace.com/media/catalog/product/i/p/ipad_pro_11-inch_m4_wi-fi_space_black_1_5.jpg;23999000;Space Black;;;256 GB;Standard Glass;Wi-Fi + Cellular;;;;;13
88;https://cdnpro.eraspace.com/media/catalog/product/i/p/ipad_pro_11-inch_m4_wi-fi_silver_1_5.jpg;23499000;Silver;;;512 GB;Standard Glass;Wi-Fi;;;;;13
89;https://cdnpro.eraspace.com/media/catalog/product/i/p/ipad_pro_11-inch_m4_wi-fi_space_black_1_5.jpg;23499000;Space Black;;;512 GB;Standard Glass;Wi-Fi;;;;;13
90;https://cdnpro.eraspace.com/media/catalog/product/i/p/ipad_pro_11-inch_m4_wi-fi_silver_1_5.jpg;27999000;Silver;;;512 GB;Standard Glass;Wi-Fi + Cellular;;;;;13
91;https://cdnpro.eraspace.com/media/catalog/product/i/p/ipad_pro_11-inch_m4_wi-fi_space_black_1_5.jpg;27999000;Space Black;;;512 GB;Standard Glass;Wi-Fi + Cellular;;;;;13
92;https://cdnpro.eraspace.com/media/catalog/product/i/p/ipad_pro_11-inch_m4_wi-fi_silver_1_5.jpg;31499000;Silver;;;1 TB;Standard Glass;Wi-Fi;;;;;13
93;https://cdnpro.eraspace.com/media/catalog/product/i/p/ipad_pro_11-inch_m4_wi-fi_space_black_1_5.jpg;31499000;Space Black;;;1 TB;Standard Glass;Wi-Fi;;;;;13
94;https://cdnpro.eraspace.com/media/catalog/product/i/p/ipad_pro_11-inch_m4_wi-fi_silver_1_5.jpg;33499000;Silver;;;1 TB;Nano-texture Glass;Wi-Fi;;;;;13
95;https://cdnpro.eraspace.com/media/catalog/product/i/p/ipad_pro_11-inch_m4_wi-fi_space_black_1_5.jpg;33499000;Space Black;;;1 TB;Nano-texture Glass;Wi-Fi;;;;;13
96;https://cdnpro.eraspace.com/media/catalog/product/i/p/ipad_pro_11-inch_m4_wi-fi_silver_1_5.jpg;35999000;Silver;;;1 TB;Standard Glass;Wi-Fi + Cellular;;;;;13
97;https://cdnpro.eraspace.com/media/catalog/product/i/p/ipad_pro_11-inch_m4_wi-fi_space_black_1_5.jpg;35999000;Space Black;;;1 TB;Standard Glass;Wi-Fi + Cellular;;;;;13
98;https://cdnpro.eraspace.com/media/catalog/product/i/p/ipad_pro_11-inch_m4_wi-fi_silver_1_5.jpg;37999000;Silver;;;1 TB;Nano-texture Glass;Wi-Fi + Cellular;;;;;13
99;https://cdnpro.eraspace.com/media/catalog/product/i/p/ipad_pro_11-inch_m4_wi-fi_space_black_1_5.jpg;37999000;Space Black;;;1 TB;Standard Glass;Wi-Fi + Cellular;;;;;13
100;https://cdnpro.eraspace.com/media/catalog/product/i/p/ipad_pro_11-inch_m4_wi-fi_silver_1_5.jpg;39499000;Silver;;;2 TB;Standard Glass;Wi-Fi;;;;;13
101;https://cdnpro.eraspace.com/media/catalog/product/i/p/ipad_pro_11-inch_m4_wi-fi_space_black_1_5.jpg;39499000;Space Black;;;2 TB;Standard Glass;Wi-Fi;;;;;13
102;https://cdnpro.eraspace.com/media/catalog/product/i/p/ipad_pro_11-inch_m4_wi-fi_silver_1_5.jpg;41499000;Silver;;;2 TB;Nano-texture Glass;Wi-Fi;;;;;13
103;https://cdnpro.eraspace.com/media/catalog/product/i/p/ipad_pro_11-inch_m4_wi-fi_space_black_1_5.jpg;41499000;Space Black;;;2 TB;Nano-texture Glass;Wi-Fi;;;;;13
104;https://cdnpro.eraspace.com/media/catalog/product/i/p/ipad_pro_11-inch_m4_wi-fi_silver_1_5.jpg;43999000;Silver;;;2 TB;Standard Glass;Wi-Fi + Cellular;;;;;13
105;https://cdnpro.eraspace.com/media/catalog/product/i/p/ipad_pro_11-inch_m4_wi-fi_space_black_1_5.jpg;43999000;Space Black;;;2 TB;Standard Glass;Wi-Fi + Cellular;;;;;13
106;https://cdnpro.eraspace.com/media/catalog/product/i/p/ipad_pro_11-inch_m4_wi-fi_silver_1_5.jpg;45999000;Silver;;;2 TB;Nano-texture Glass;Wi-Fi + Cellular;;;;;13
107;https://cdnpro.eraspace.com/media/catalog/product/i/p/ipad_pro_11-inch_m4_wi-fi_space_black_1_5.jpg;45999000;Space Black;;;2 TB;Nano-texture Glass;Wi-Fi + Cellular;;;;;13
108;https://cdnpro.eraspace.com/media/catalog/product/i/p/ipad_pro_gen_4_11_inci_wi-fi_space_grey_1.jpg;13749000;Space Grey;;;128 GB;;Wi-Fi;;;;;14
109;https://cdnpro.eraspace.com/media/catalog/product/i/p/ipad_pro_gen_4_11_inci_wi-fi_silver_1.jpg;13749000;Silver;;;128 GB;;Wi-Fi;;;;;14
110;https://cdnpro.eraspace.com/media/catalog/product/i/p/ipad_pro_gen_4_11_inci_wi-fi_space_grey_1.jpg;16749000;Space Grey;;;128 GB;;Wi-Fi + Cellular;;;;;14
111;https://cdnpro.eraspace.com/media/catalog/product/i/p/ipad_pro_gen_4_11_inci_wi-fi_silver_1.jpg;16749000;Silver;;;128 GB;;Wi-Fi + Cellular;;;;;14
112;https://cdnpro.eraspace.com/media/catalog/product/i/p/ipad_pro_gen_4_11_inci_wi-fi_space_grey_1.jpg;15749000;Space Grey;;;256 GB;;Wi-Fi;;;;;14
113;https://cdnpro.eraspace.com/media/catalog/product/i/p/ipad_pro_gen_4_11_inci_wi-fi_silver_1.jpg;15749000;Silver;;;256 GB;;Wi-Fi;;;;;14
114;https://cdnpro.eraspace.com/media/catalog/product/i/p/ipad_pro_gen_4_11_inci_wi-fi_space_grey_1.jpg;18749000;Space Grey;;;256 GB;;Wi-Fi + Cellular;;;;;14
115;https://cdnpro.eraspace.com/media/catalog/product/i/p/ipad_pro_gen_4_11_inci_wi-fi_silver_1.jpg;18749000;Silver;;;256 GB;;Wi-Fi + Cellular;;;;;14
116;https://cdnpro.eraspace.com/media/catalog/product/i/p/ipad_pro_gen_4_11_inci_wi-fi_space_grey_1.jpg;19749000;Space Grey;;;512 GB;;Wi-Fi;;;;;14
117;https://cdnpro.eraspace.com/media/catalog/product/i/p/ipad_pro_gen_4_11_inci_wi-fi_silver_1.jpg;19749000;Silver;;;512 GB;;Wi-Fi;;;;;14
118;https://cdnpro.eraspace.com/media/catalog/product/i/p/ipad_pro_gen_4_11_inci_wi-fi_space_grey_1.jpg;22749000;Space Grey;;;512 GB;;Wi-Fi + Cellular;;;;;14
119;https://cdnpro.eraspace.com/media/catalog/product/i/p/ipad_pro_gen_4_11_inci_wi-fi_silver_1.jpg;22749000;Silver;;;512 GB;;Wi-Fi + Cellular;;;;;14
120;https://cdnpro.eraspace.com/media/catalog/product/i/p/ipad_pro_gen_4_11_inci_wi-fi_space_grey_1.jpg;28249000;Space Grey;;;1 TB;;Wi-Fi;;;;;14
121;https://cdnpro.eraspace.com/media/catalog/product/i/p/ipad_pro_gen_4_11_inci_wi-fi_silver_1.jpg;28249000;Silver;;;1 TB;;Wi-Fi;;;;;14
122;https://cdnpro.eraspace.com/media/catalog/product/i/p/ipad_pro_gen_4_11_inci_wi-fi_space_grey_1.jpg;31249000;Space Grey;;;1 TB;;Wi-Fi + Cellular;;;;;14
123;https://cdnpro.eraspace.com/media/catalog/product/i/p/ipad_pro_gen_4_11_inci_wi-fi_silver_1.jpg;31249000;Silver;;;1 TB;;Wi-Fi + Cellular;;;;;14
124;https://cdnpro.eraspace.com/media/catalog/product/i/p/ipad_pro_gen_4_11_inci_wi-fi_space_grey_1.jpg;36249000;Space Grey;;;2 TB;;Wi-Fi;;;;;14
125;https://cdnpro.eraspace.com/media/catalog/product/i/p/ipad_pro_gen_4_11_inci_wi-fi_space_grey_1.jpg;38749000;Space Grey;;;2 TB;;Wi-Fi + Cellular;;;;;14
126;https://cdnpro.eraspace.com/media/catalog/product/i/p/ipad_pro_gen_4_11_inci_wi-fi_silver_1.jpg;38749000;Silver;;;2 TB;;Wi-Fi + Cellular;;;;;14
127;https://cdnpro.eraspace.com/media/catalog/product/i/p/ipad_pro_gen_6_12_9_inci_wi-fi_silver_1.jpg;19749000;Silver;;;128 GB;;Wi-Fi;;;;;15
128;https://cdnpro.eraspace.com/media/catalog/product/i/p/ipad_pro_gen_6_12_9_inci_wi-fi_space_grey_1.jpg;19749000;Space Grey;;;128 GB;;Wi-Fi;;;;;15
129;https://cdnpro.eraspace.com/media/catalog/product/i/p/ipad_pro_gen_6_12_9_inci_wi-fi_silver_1.jpg;21749000;Silver;;;256 GB;;Wi-Fi;;;;;15
130;https://cdnpro.eraspace.com/media/catalog/product/i/p/ipad_pro_gen_6_12_9_inci_wi-fi_space_grey_1.jpg;21749000;Space Grey;;;256 GB;;Wi-Fi;;;;;15
131;https://cdnpro.eraspace.com/media/catalog/product/i/p/ipad_pro_gen_6_12_9_inci_wi-fi_silver_1.jpg;22749000;Silver;;;128 GB;;Wi-Fi + Cellular;;;;;15
132;https://cdnpro.eraspace.com/media/catalog/product/i/p/ipad_pro_gen_6_12_9_inci_wi-fi_space_grey_1.jpg;22749000;Space Grey;;;128 GB;;Wi-Fi + Cellular;;;;;15
133;https://cdnpro.eraspace.com/media/catalog/product/i/p/ipad_pro_gen_6_12_9_inci_wi-fi_silver_1.jpg;24749000;Silver;;;256 GB;;Wi-Fi + Cellular;;;;;15
134;https://cdnpro.eraspace.com/media/catalog/product/i/p/ipad_pro_gen_6_12_9_inci_wi-fi_space_grey_1.jpg;24749000;Space Grey;;;256 GB;;Wi-Fi + Cellular;;;;;15
135;https://cdnpro.eraspace.com/media/catalog/product/i/p/ipad_pro_gen_6_12_9_inci_wi-fi_silver_1.jpg;25749000;Silver;;;512 GB;;Wi-Fi;;;;;15
136;https://cdnpro.eraspace.com/media/catalog/product/i/p/ipad_pro_gen_6_12_9_inci_wi-fi_space_grey_1.jpg;25749000;Space Grey;;;512 GB;;Wi-Fi;;;;;15
137;https://cdnpro.eraspace.com/media/catalog/product/i/p/ipad_pro_gen_6_12_9_inci_wi-fi_silver_1.jpg;28749000;Silver;;;512 GB;;Wi-Fi + Cellular;;;;;15
138;https://cdnpro.eraspace.com/media/catalog/product/i/p/ipad_pro_gen_6_12_9_inci_wi-fi_space_grey_1.jpg;28749000;Space Grey;;;512 GB;;Wi-Fi;;;;;15
139;https://cdnpro.eraspace.com/media/catalog/product/i/p/ipad_pro_gen_6_12_9_inci_wi-fi_silver_1.jpg;33749000;Silver;;;1 TB;;Wi-Fi;;;;;15
140;https://cdnpro.eraspace.com/media/catalog/product/i/p/ipad_pro_gen_6_12_9_inci_wi-fi_space_grey_1.jpg;33749000;Space Grey;;;1 TB;;Wi-Fi;;;;;15
141;https://cdnpro.eraspace.com/media/catalog/product/i/p/ipad_pro_gen_6_12_9_inci_wi-fi_silver_1.jpg;36749000;Silver;;;1 TB;;Wi-Fi + Cellular;;;;;15
142;https://cdnpro.eraspace.com/media/catalog/product/i/p/ipad_pro_gen_6_12_9_inci_wi-fi_space_grey_1.jpg;36749000;Space Grey;;;1 TB;;Wi-Fi + Cellular;;;;;15
143;https://cdnpro.eraspace.com/media/catalog/product/i/p/ipad_pro_gen_6_12_9_inci_wi-fi_silver_1.jpg;42749000;Silver;;;2 TB;;Wi-Fi;;;;;15
144;https://cdnpro.eraspace.com/media/catalog/product/i/p/ipad_pro_gen_6_12_9_inci_wi-fi_space_grey_1.jpg;42749000;Space Grey;;;2 TB;;Wi-Fi;;;;;15
145;https://cdnpro.eraspace.com/media/catalog/product/i/p/ipad_pro_gen_6_12_9_inci_wi-fi_silver_1.jpg;45749000;Silver;;;2 TB;;Wi-Fi + Cellular;;;;;15
146;https://cdnpro.eraspace.com/media/catalog/product/i/p/ipad_pro_gen_6_12_9_inci_wi-fi_space_grey_1.jpg;45749000;Space Grey;;;2 TB;;Wi-Fi + Cellular;;;;;15
147;https://cdnpro.eraspace.com/media/catalog/product/a/p/apple_ipad_pro_2021_12.9-inci_wi-fi_silver_1_2.jpg;19799000;Silver;;;128 GB;;Wi-Fi;;;;;16
148;https://cdnpro.eraspace.com/media/catalog/product/a/p/apple_ipad_pro_2021_12.9-inci_wi-fi_space_grey_1_1.jpg;19799000;Space Grey;;;128 GB;;Wi-Fi;;;;;16
149;https://cdnpro.eraspace.com/media/catalog/product/a/p/apple_ipad_pro_2021_12.9-inci_wi-fi_silver_1_2.jpg;22499000;Silver;;;128 GB;;Wi-Fi + Cellular;;;;;16
150;https://cdnpro.eraspace.com/media/catalog/product/a/p/apple_ipad_pro_2021_12.9-inci_wi-fi_space_grey_1_1.jpg;22499000;Space Grey;;;128 GB;;Wi-Fi + Cellular;;;;;16
151;https://cdnpro.eraspace.com/media/catalog/product/a/p/apple_ipad_pro_2021_12.9-inci_wi-fi_silver_1_2.jpg;21499000;Silver;;;256 GB;;Wi-Fi;;;;;16
152;https://cdnpro.eraspace.com/media/catalog/product/a/p/apple_ipad_pro_2021_12.9-inci_wi-fi_space_grey_1_1.jpg;21499000;Space Grey;;;256 GB;;Wi-Fi;;;;;16
153;https://cdnpro.eraspace.com/media/catalog/product/a/p/apple_ipad_pro_2021_12.9-inci_wi-fi_silver_1_2.jpg;23999000;Silver;;;256 GB;;Wi-Fi + Cellular;;;;;16
154;https://cdnpro.eraspace.com/media/catalog/product/a/p/apple_ipad_pro_2021_12.9-inci_wi-fi_space_grey_1_1.jpg;23999000;Space Grey;;;256 GB;;Wi-Fi + Cellular;;;;;16
155;https://cdnpro.eraspace.com/media/catalog/product/a/p/apple_ipad_pro_2021_12.9-inci_wi-fi_silver_1_2.jpg;25199000;Silver;;;512 GB;;Wi-Fi;;;;;16
156;https://cdnpro.eraspace.com/media/catalog/product/a/p/apple_ipad_pro_2021_12.9-inci_wi-fi_space_grey_1_1.jpg;25199000;Space Grey;;;512 GB;;Wi-Fi;;;;;16
157;https://cdnpro.eraspace.com/media/catalog/product/a/p/apple_ipad_pro_2021_12.9-inci_wi-fi_silver_1_2.jpg;27799000;Silver;;;512 GB;;Wi-Fi + Cellular;;;;;16
158;https://cdnpro.eraspace.com/media/catalog/product/a/p/apple_ipad_pro_2021_12.9-inci_wi-fi_space_grey_1_1.jpg;27799000;Space Grey;;;512 GB;;Wi-Fi + Cellular;;;;;16
159;https://cdnpro.eraspace.com/media/catalog/product/a/p/apple_ipad_pro_2021_12.9-inci_wi-fi_space_grey_1_1.jpg;31999000;Space Grey;;;1 TB;;Wi-Fi;;;;;16
160;https://cdnpro.eraspace.com/media/catalog/product/a/p/apple_ipad_pro_2021_12.9-inci_wi-fi_silver_1_2.jpg;34999000;Silver;;;1 TB;;Wi-Fi + Cellular;;;;;16
161;https://cdnpro.eraspace.com/media/catalog/product/a/p/apple_ipad_pro_2021_12.9-inci_wi-fi_space_grey_1_1.jpg;34999000;Space Grey;;;1 TB;;Wi-Fi + Cellular;;;;;16
162;https://cdnpro.eraspace.com/media/catalog/product/a/p/apple_ipad_pro_2021_12.9-inci_wi-fi_silver_1_2.jpg;38999000;Silver;;;2 TB;;Wi-Fi;;;;;16
163;https://cdnpro.eraspace.com/media/catalog/product/a/p/apple_ipad_pro_2021_12.9-inci_wi-fi_silver_1_2.jpg;41999000;Silver;;;2 TB;;Wi-Fi + Cellular;;;;;16
164;https://cdnpro.eraspace.com/media/catalog/product/a/p/apple_ipad_pro_2021_12.9-inci_wi-fi_space_grey_1_1.jpg;41999000;Space Grey;;;2 TB;;Wi-Fi + Cellular;;;;;16
165;https://cdnpro.eraspace.com/media/catalog/product/a/p/apple_ipad_pro_2021_11-inci_wi-fi_silver_1_1.jpg;14299000;Silver;;;128 GB;;Wi-Fi;;;;;17
166;https://cdnpro.eraspace.com/media/catalog/product/a/p/apple_ipad_pro_2021_11-inci_wi-fi_space_grey_1_1.jpg;14299000;Space Grey;;;128 GB;;Wi-Fi;;;;;17
167;https://cdnpro.eraspace.com/media/catalog/product/a/p/apple_ipad_pro_2021_11-inci_wi-fi_silver_1_1.jpg;16999000;Silver;;;128 GB;;Wi-Fi + Cellular;;;;;17
168;https://cdnpro.eraspace.com/media/catalog/product/a/p/apple_ipad_pro_2021_11-inci_wi-fi_space_grey_1_1.jpg;16999000;Space Grey;;;128 GB;;Wi-Fi + Cellular;;;;;17
169;https://cdnpro.eraspace.com/media/catalog/product/a/p/apple_ipad_pro_2021_11-inci_wi-fi_silver_1_1.jpg;16199000;Silver;;;256 GB;;Wi-Fi;;;;;17
170;https://cdnpro.eraspace.com/media/catalog/product/a/p/apple_ipad_pro_2021_11-inci_wi-fi_space_grey_1_1.jpg;16199000;Space Grey;;;256 GB;;Wi-Fi;;;;;17
171;https://cdnpro.eraspace.com/media/catalog/product/a/p/apple_ipad_pro_2021_11-inci_wi-fi_silver_1_1.jpg;18799000;Silver;;;256 GB;;Wi-Fi + Cellular;;;;;17
172;https://cdnpro.eraspace.com/media/catalog/product/a/p/apple_ipad_pro_2021_11-inci_wi-fi_space_grey_1_1.jpg;18799000;Space Grey;;;256 GB;;Wi-Fi + Cellular;;;;;17
173;https://cdnpro.eraspace.com/media/catalog/product/a/p/apple_ipad_pro_2021_11-inci_wi-fi_silver_1_1.jpg;19699000;Silver;;;512 GB;;Wi-Fi;;;;;17
174;https://cdnpro.eraspace.com/media/catalog/product/a/p/apple_ipad_pro_2021_11-inci_wi-fi_space_grey_1_1.jpg;19699000;Space Grey;;;512 GB;;Wi-Fi;;;;;17
175;https://cdnpro.eraspace.com/media/catalog/product/a/p/apple_ipad_pro_2021_11-inci_wi-fi_silver_1_1.jpg;22499000;Silver;;;512 GB;;Wi-Fi + Cellular;;;;;17
176;https://cdnpro.eraspace.com/media/catalog/product/a/p/apple_ipad_pro_2021_11-inci_wi-fi_space_grey_1_1.jpg;22499000;Space Grey;;;512 GB;;Wi-Fi + Cellular;;;;;17
177;https://cdnpro.eraspace.com/media/catalog/product/a/p/apple_ipad_pro_2021_11-inci_wi-fi_silver_1_1.jpg;26799000;Silver;;;1 TB;;Wi-Fi;;;;;17
178;https://cdnpro.eraspace.com/media/catalog/product/a/p/apple_ipad_pro_2021_11-inci_wi-fi_space_grey_1_1.jpg;26799000;Space Grey;;;1 TB;;Wi-Fi;;;;;17
179;https://cdnpro.eraspace.com/media/catalog/product/a/p/apple_ipad_pro_2021_11-inci_wi-fi_silver_1_1.jpg;29499000;Silver;;;1 TB;;Wi-Fi + Cellular;;;;;17
180;https://cdnpro.eraspace.com/media/catalog/product/a/p/apple_ipad_pro_2021_11-inci_wi-fi_space_grey_1_1.jpg;29499000;Space Grey;;;1 TB;;Wi-Fi + Cellular;;;;;17
181;https://cdnpro.eraspace.com/media/catalog/product/a/p/apple_ipad_pro_2021_11-inci_wi-fi_silver_1_1.jpg;33999000;Silver;;;2 TB;;Wi-Fi;;;;;17
182;https://cdnpro.eraspace.com/media/catalog/product/a/p/apple_ipad_pro_2021_11-inci_wi-fi_space_grey_1_1.jpg;33999000;Space Grey;;;2 TB;;Wi-Fi;;;;;17
183;https://cdnpro.eraspace.com/media/catalog/product/a/p/apple_ipad_pro_2021_11-inci_wi-fi_silver_1_1.jpg;35999000;Silver;;;2 TB;;Wi-Fi + Cellular;;;;;17
184;https://cdnpro.eraspace.com/media/catalog/product/a/p/apple_ipad_pro_2021_11-inci_wi-fi_space_grey_1_1.jpg;35999000;Space Grey;;;2 TB;;Wi-Fi + Cellular;;;;;17
185;https://cdnpro.eraspace.com/media/catalog/product/i/p/ipad_air_13-inch_m2_wifi_space_gray_1_3.jpg;14999000;Space Grey;;;128 GB;;Wi-Fi;;;;;18
186;https://cdnpro.eraspace.com/media/catalog/product/i/p/ipad_air_13-inch_m2_wifi_blue_1_3.jpg;14999000;Blue;;;128 GB;;Wi-Fi;;;;;18
187;https://cdnpro.eraspace.com/media/catalog/product/i/p/ipad_air_13-inch_m2_wifi_purple_1_3.jpg;14999000;Purple;;;128 GB;;Wi-Fi;;;;;18
188;https://cdnpro.eraspace.com/media/catalog/product/i/p/ipad_air_13-inch_m2_wifi_starlight_1_3.jpg;14999000;Starlight;;;128 GB;;Wi-Fi;;;;;18
189;https://cdnpro.eraspace.com/media/catalog/product/i/p/ipad_air_13-inch_m2_wifi_space_gray_1_3.jpg;18499000;Space Grey;;;128 GB;;Wi-Fi + Cellular;;;;;18
190;https://cdnpro.eraspace.com/media/catalog/product/i/p/ipad_air_13-inch_m2_wifi_blue_1_3.jpg;18499000;Blue;;;128 GB;;Wi-Fi + Cellular;;;;;18
191;https://cdnpro.eraspace.com/media/catalog/product/i/p/ipad_air_13-inch_m2_wifi_purple_1_3.jpg;18499000;Purple;;;128 GB;;Wi-Fi + Cellular;;;;;18
192;https://cdnpro.eraspace.com/media/catalog/product/i/p/ipad_air_13-inch_m2_wifi_starlight_1_3.jpg;18499000;Starlight;;;128 GB;;Wi-Fi + Cellular;;;;;18
193;https://cdnpro.eraspace.com/media/catalog/product/i/p/ipad_air_13-inch_m2_wifi_space_gray_1_3.jpg;17499000;Space Grey;;;256 GB;;Wi-Fi;;;;;18
194;https://cdnpro.eraspace.com/media/catalog/product/i/p/ipad_air_13-inch_m2_wifi_blue_1_3.jpg;17499000;Blue;;;256 GB;;Wi-Fi;;;;;18
195;https://cdnpro.eraspace.com/media/catalog/product/i/p/ipad_air_13-inch_m2_wifi_purple_1_3.jpg;17499000;Purple;;;256 GB;;Wi-Fi;;;;;18
196;https://cdnpro.eraspace.com/media/catalog/product/i/p/ipad_air_13-inch_m2_wifi_starlight_1_3.jpg;17499000;Starlight;;;256 GB;;Wi-Fi;;;;;18
197;https://cdnpro.eraspace.com/media/catalog/product/i/p/ipad_air_13-inch_m2_wifi_space_gray_1_3.jpg;20499000;Space Grey;;;256 GB;;Wi-Fi + Cellular;;;;;18
198;https://cdnpro.eraspace.com/media/catalog/product/i/p/ipad_air_13-inch_m2_wifi_blue_1_3.jpg;20499000;Blue;;;256 GB;;Wi-Fi + Cellular;;;;;18
199;https://cdnpro.eraspace.com/media/catalog/product/i/p/ipad_air_13-inch_m2_wifi_purple_1_3.jpg;20499000;Purple;;;256 GB;;Wi-Fi + Cellular;;;;;18
200;https://cdnpro.eraspace.com/media/catalog/product/i/p/ipad_air_13-inch_m2_wifi_starlight_1_3.jpg;20499000;Starlight;;;256 GB;;Wi-Fi + Cellular;;;;;18
201;https://cdnpro.eraspace.com/media/catalog/product/i/p/ipad_air_13-inch_m2_wifi_space_gray_1_3.jpg;21499000;Space Grey;;;512 GB;;Wi-Fi;;;;;18
202;https://cdnpro.eraspace.com/media/catalog/product/i/p/ipad_air_13-inch_m2_wifi_blue_1_3.jpg;21499000;Blue;;;512 GB;;Wi-Fi;;;;;18
203;https://cdnpro.eraspace.com/media/catalog/product/i/p/ipad_air_13-inch_m2_wifi_purple_1_3.jpg;21499000;Purple;;;512 GB;;Wi-Fi;;;;;18
204;https://cdnpro.eraspace.com/media/catalog/product/i/p/ipad_air_13-inch_m2_wifi_starlight_1_3.jpg;21499000;Starlight;;;512 GB;;Wi-Fi;;;;;18
205;https://cdnpro.eraspace.com/media/catalog/product/i/p/ipad_air_13-inch_m2_wifi_space_gray_1_3.jpg;24499000;Space Grey;;;512 GB;;Wi-Fi + Cellular;;;;;18
206;https://cdnpro.eraspace.com/media/catalog/product/i/p/ipad_air_13-inch_m2_wifi_blue_1_3.jpg;24499000;Blue;;;512 GB;;Wi-Fi + Cellular;;;;;18
207;https://cdnpro.eraspace.com/media/catalog/product/i/p/ipad_air_13-inch_m2_wifi_purple_1_3.jpg;24499000;Purple;;;512 GB;;Wi-Fi + Cellular;;;;;18
208;https://cdnpro.eraspace.com/media/catalog/product/i/p/ipad_air_13-inch_m2_wifi_starlight_1_3.jpg;24499000;Starlight;;;512 GB;;Wi-Fi + Cellular;;;;;18
209;https://cdnpro.eraspace.com/media/catalog/product/i/p/ipad_air_13-inch_m2_wifi_space_gray_1_3.jpg;25499000;Space Grey;;;1 TB;;Wi-Fi;;;;;18
210;https://cdnpro.eraspace.com/media/catalog/product/i/p/ipad_air_13-inch_m2_wifi_blue_1_3.jpg;25499000;Blue;;;1 TB;;Wi-Fi;;;;;18
211;https://cdnpro.eraspace.com/media/catalog/product/i/p/ipad_air_13-inch_m2_wifi_purple_1_3.jpg;25499000;Purple;;;1 TB;;Wi-Fi;;;;;18
212;https://cdnpro.eraspace.com/media/catalog/product/i/p/ipad_air_13-inch_m2_wifi_starlight_1_3.jpg;25499000;Starlight;;;1 TB;;Wi-Fi;;;;;18
213;https://cdnpro.eraspace.com/media/catalog/product/i/p/ipad_air_13-inch_m2_wifi_space_gray_1_3.jpg;28499000;Space Grey;;;1 TB;;Wi-Fi + Cellular;;;;;18
214;https://cdnpro.eraspace.com/media/catalog/product/i/p/ipad_air_13-inch_m2_wifi_blue_1_3.jpg;28499000;Blue;;;1 TB;;Wi-Fi + Cellular;;;;;18
215;https://cdnpro.eraspace.com/media/catalog/product/i/p/ipad_air_13-inch_m2_wifi_purple_1_3.jpg;28499000;Purple;;;1 TB;;Wi-Fi + Cellular;;;;;18
216;https://cdnpro.eraspace.com/media/catalog/product/i/p/ipad_air_13-inch_m2_wifi_starlight_1_3.jpg;28499000;Starlight;;;1 TB;;Wi-Fi + Cellular;;;;;18
217;https://cdnpro.eraspace.com/media/catalog/product/i/p/ipad_air_11-inch_m2_wifi_space_gray_1_1.jpg;11499000;Space Grey;;;128 GB;;Wi-Fi;;;;;19
218;https://cdnpro.eraspace.com/media/catalog/product/i/p/ipad_air_11-inch_m2_wifi_blue_1_1.jpg;11499000;Blue;;;128 GB;;Wi-Fi;;;;;19
219;https://cdnpro.eraspace.com/media/catalog/product/i/p/ipad_air_11-inch_m2_wifi_purple_1_1.jpg;11499000;Purple;;;128 GB;;Wi-Fi;;;;;19
220;https://cdnpro.eraspace.com/media/catalog/product/i/p/ipad_air_11-inch_m2_wifi_starlight_1_1.jpg;11499000;Starlight;;;128 GB;;Wi-Fi;;;;;19
221;https://cdnpro.eraspace.com/media/catalog/product/i/p/ipad_air_11-inch_m2_wifi_space_gray_1_1.jpg;14499000;Space Grey;;;128 GB;;Wi-Fi + Cellular;;;;;19
222;https://cdnpro.eraspace.com/media/catalog/product/i/p/ipad_air_11-inch_m2_wifi_blue_1_1.jpg;14499000;Blue;;;128 GB;;Wi-Fi + Cellular;;;;;19
223;https://cdnpro.eraspace.com/media/catalog/product/i/p/ipad_air_11-inch_m2_wifi_purple_1_1.jpg;14499000;Purple;;;128 GB;;Wi-Fi + Cellular;;;;;19
224;https://cdnpro.eraspace.com/media/catalog/product/i/p/ipad_air_11-inch_m2_wifi_starlight_1_1.jpg;14499000;Starlight;;;128 GB;;Wi-Fi + Cellular;;;;;19
225;https://cdnpro.eraspace.com/media/catalog/product/i/p/ipad_air_11-inch_m2_wifi_space_gray_1_1.jpg;13499000;Space Grey;;;256 GB;;Wi-Fi;;;;;19
226;https://cdnpro.eraspace.com/media/catalog/product/i/p/ipad_air_11-inch_m2_wifi_blue_1_1.jpg;13499000;Blue;;;256 GB;;Wi-Fi;;;;;19
227;https://cdnpro.eraspace.com/media/catalog/product/i/p/ipad_air_11-inch_m2_wifi_purple_1_1.jpg;13499000;Purple;;;256 GB;;Wi-Fi;;;;;19
228;https://cdnpro.eraspace.com/media/catalog/product/i/p/ipad_air_11-inch_m2_wifi_starlight_1_1.jpg;13499000;Starlight;;;256 GB;;Wi-Fi;;;;;19
229;https://cdnpro.eraspace.com/media/catalog/product/i/p/ipad_air_11-inch_m2_wifi_space_gray_1_1.jpg;16499000;Space Grey;;;256 GB;;Wi-Fi + Cellular;;;;;19
230;https://cdnpro.eraspace.com/media/catalog/product/i/p/ipad_air_11-inch_m2_wifi_blue_1_1.jpg;16499000;Blue;;;256 GB;;Wi-Fi + Cellular;;;;;19
231;https://cdnpro.eraspace.com/media/catalog/product/i/p/ipad_air_11-inch_m2_wifi_purple_1_1.jpg;16499000;Purple;;;256 GB;;Wi-Fi + Cellular;;;;;19
232;https://cdnpro.eraspace.com/media/catalog/product/i/p/ipad_air_11-inch_m2_wifi_starlight_1_1.jpg;16499000;Starlight;;;256 GB;;Wi-Fi + Cellular;;;;;19
233;https://cdnpro.eraspace.com/media/catalog/product/i/p/ipad_air_11-inch_m2_wifi_space_gray_1_1.jpg;17499000;Space Grey;;;512 GB;;Wi-Fi;;;;;19
234;https://cdnpro.eraspace.com/media/catalog/product/i/p/ipad_air_11-inch_m2_wifi_blue_1_1.jpg;17499000;Blue;;;512 GB;;Wi-Fi;;;;;19
235;https://cdnpro.eraspace.com/media/catalog/product/i/p/ipad_air_11-inch_m2_wifi_purple_1_1.jpg;17499000;Purple;;;512 GB;;Wi-Fi;;;;;19
236;https://cdnpro.eraspace.com/media/catalog/product/i/p/ipad_air_11-inch_m2_wifi_starlight_1_1.jpg;17499000;Starlight;;;512 GB;;Wi-Fi;;;;;19
237;https://cdnpro.eraspace.com/media/catalog/product/i/p/ipad_air_11-inch_m2_wifi_space_gray_1_1.jpg;20499000;Space Grey;;;512 GB;;Wi-Fi + Cellular;;;;;19
238;https://cdnpro.eraspace.com/media/catalog/product/i/p/ipad_air_11-inch_m2_wifi_blue_1_1.jpg;20499000;Blue;;;512 GB;;Wi-Fi + Cellular;;;;;19
239;https://cdnpro.eraspace.com/media/catalog/product/i/p/ipad_air_11-inch_m2_wifi_purple_1_1.jpg;20499000;Purple;;;512 GB;;Wi-Fi + Cellular;;;;;19
240;https://cdnpro.eraspace.com/media/catalog/product/i/p/ipad_air_11-inch_m2_wifi_starlight_1_1.jpg;20499000;Starlight;;;512 GB;;Wi-Fi + Cellular;;;;;19
241;https://cdnpro.eraspace.com/media/catalog/product/i/p/ipad_air_11-inch_m2_wifi_space_gray_1_1.jpg;21999000;Space Grey;;;1 TB;;Wi-Fi;;;;;19
242;https://cdnpro.eraspace.com/media/catalog/product/i/p/ipad_air_11-inch_m2_wifi_blue_1_1.jpg;21999000;Blue;;;1 TB;;Wi-Fi;;;;;19
243;https://cdnpro.eraspace.com/media/catalog/product/i/p/ipad_air_11-inch_m2_wifi_space_gray_1a_1.jpg;21999000;Purple;;;1 TB;;Wi-Fi;;;;;19
244;https://cdnpro.eraspace.com/media/catalog/product/i/p/ipad_air_11-inch_m2_wifi_starlight_1_1.jpg;21999000;Starlight;;;1 TB;;Wi-Fi;;;;;19
245;https://cdnpro.eraspace.com/media/catalog/product/i/p/ipad_air_11-inch_m2_wifi_space_gray_1_1.jpg;24999000;Space Grey;;;1 TB;;Wi-Fi + Cellular;;;;;19
246;https://cdnpro.eraspace.com/media/catalog/product/i/p/ipad_air_11-inch_m2_wifi_blue_1_1.jpg;24999000;Blue;;;1 TB;;Wi-Fi + Cellular;;;;;19
247;https://cdnpro.eraspace.com/media/catalog/product/i/p/ipad_air_11-inch_m2_wifi_space_gray_1a_1.jpg;24999000;Purple;;;1 TB;;Wi-Fi + Cellular;;;;;19
248;https://cdnpro.eraspace.com/media/catalog/product/i/p/ipad_air_11-inch_m2_wifi_starlight_1_1.jpg;24999000;Starlight;;;1 TB;;Wi-Fi + Cellular;;;;;19
249;https://cdnpro.eraspace.com/media/catalog/product/i/p/ipad_air_gen_5_10_9_inci_wi-fi_starlight_1.jpg;9499000;Starlight;;;64 GB;;Wi-Fi;;;;;20
250;https://cdnpro.eraspace.com/media/catalog/product/i/p/ipad_air_gen_5_10_9_inci_wi-fi_purple_1.jpg;9499000;Purple;;;64 GB;;Wi-Fi;;;;;20
251;https://cdnpro.eraspace.com/media/catalog/product/i/p/ipad_air_gen_5_10_9_inci_wi-fi_pink_1.jpg;9499000;Pink;;;64 GB;;Wi-Fi;;;;;20
252;https://cdnpro.eraspace.com/media/catalog/product/i/p/ipad_air_gen_5_10_9_inci_wi-fi_blue_1.jpg;9499000;Blue;;;64 GB;;Wi-Fi;;;;;20
253;https://cdnpro.eraspace.com/media/catalog/product/i/p/ipad_air_gen_5_10_9_inci_wi-fi_space_grey_1.jpg;9499000;Space Grey;;;64 GB;;Wi-Fi;;;;;20
254;https://cdnpro.eraspace.com/media/catalog/product/i/p/ipad_air_gen_5_10_9_inci_wi-fi_starlight_1.jpg;12499000;Starlight;;;64 GB;;Wi-Fi + Cellular;;;;;20
255;https://cdnpro.eraspace.com/media/catalog/product/i/p/ipad_air_gen_5_10_9_inci_wi-fi_purple_1.jpg;12499000;Purple;;;64 GB;;Wi-Fi + Cellular;;;;;20
256;https://cdnpro.eraspace.com/media/catalog/product/i/p/ipad_air_gen_5_10_9_inci_wi-fi_pink_1.jpg;12499000;Pink;;;64 GB;;Wi-Fi + Cellular;;;;;20
257;https://cdnpro.eraspace.com/media/catalog/product/i/p/ipad_air_gen_5_10_9_inci_wi-fi_blue_1.jpg;12499000;Blue;;;64 GB;;Wi-Fi + Cellular;;;;;20
258;https://cdnpro.eraspace.com/media/catalog/product/i/p/ipad_air_gen_5_10_9_inci_wi-fi_space_grey_1.jpg;12499000;Space Grey;;;64 GB;;Wi-Fi + Cellular;;;;;20
259;https://cdnpro.eraspace.com/media/catalog/product/i/p/ipad_air_gen_5_10_9_inci_wi-fi_purple_1.jpg;9499000;Purple;;;256 GB;;Wi-Fi;;;;;20
260;https://cdnpro.eraspace.com/media/catalog/product/i/p/ipad_air_gen_5_10_9_inci_wi-fi_pink_1.jpg;9499000;Pink;;;256 GB;;Wi-Fi;;;;;20
261;https://cdnpro.eraspace.com/media/catalog/product/i/p/ipad_air_gen_5_10_9_inci_wi-fi_blue_1.jpg;9499000;Blue;;;256 GB;;Wi-Fi;;;;;20
262;https://cdnpro.eraspace.com/media/catalog/product/i/p/ipad_air_gen_5_10_9_inci_wi-fi_space_grey_1.jpg;9499000;Space Grey;;;256 GB;;Wi-Fi;;;;;20
263;https://cdnpro.eraspace.com/media/catalog/product/i/p/ipad_air_gen_5_10_9_inci_wi-fi_starlight_1.jpg;15499000;Starlight;;;256 GB;;Wi-Fi + Cellular;;;;;20
264;https://cdnpro.eraspace.com/media/catalog/product/i/p/ipad_air_gen_5_10_9_inci_wi-fi_purple_1.jpg;15499000;Purple;;;256 GB;;Wi-Fi + Cellular;;;;;20
265;https://cdnpro.eraspace.com/media/catalog/product/i/p/ipad_air_gen_5_10_9_inci_wi-fi_pink_1.jpg;15499000;Pink;;;256 GB;;Wi-Fi + Cellular;;;;;20
266;https://cdnpro.eraspace.com/media/catalog/product/i/p/ipad_air_gen_5_10_9_inci_wi-fi_blue_1.jpg;15499000;Blue;;;256 GB;;Wi-Fi + Cellular;;;;;20
267;https://cdnpro.eraspace.com/media/catalog/product/i/p/ipad_air_gen_5_10_9_inci_wi-fi_space_grey_1.jpg;15499000;Space Grey;;;256 GB;;Wi-Fi + Cellular;;;;;20
268;https://cdnpro.eraspace.com/media/catalog/product/i/p/ipad_gen_10_10_9_inci_wi-fi_blue_1.jpg;6499000;Blue;;;64 GB;;Wi-Fi;;;;;21
269;https://cdnpro.eraspace.com/media/catalog/product/i/p/ipad_gen_10_10_9_inci_wi-fi_pink_1.jpg;6499000;Pink;;;64 GB;;Wi-Fi;;;;;21
270;https://cdnpro.eraspace.com/media/catalog/product/i/p/ipad_gen_10_10_9_inci_wi-fi_silver_1.jpg;6499000;Silver;;;64 GB;;Wi-Fi;;;;;21
271;https://cdnpro.eraspace.com/media/catalog/product/i/p/ipad_gen_10_10_9_inci_wi-fi_yellow_1.jpg;6499000;Yellow;;;64 GB;;Wi-Fi;;;;;21
272;https://cdnpro.eraspace.com/media/catalog/product/i/p/ipad_gen_10_10_9_inci_wi-fi_blue_1.jpg;9999000;Blue;;;64 GB;;Wi-Fi + Cellular;;;;;21
273;https://cdnpro.eraspace.com/media/catalog/product/i/p/ipad_gen_10_10_9_inci_wi-fi_pink_1.jpg;9999000;Pink;;;64 GB;;Wi-Fi + Cellular;;;;;21
274;https://cdnpro.eraspace.com/media/catalog/product/i/p/ipad_gen_10_10_9_inci_wi-fi_silver_1.jpg;9999000;Silver;;;64 GB;;Wi-Fi + Cellular;;;;;21
275;https://cdnpro.eraspace.com/media/catalog/product/i/p/ipad_gen_10_10_9_inci_wi-fi_yellow_1.jpg;9999000;Yellow;;;64 GB;;Wi-Fi + Cellular;;;;;21
276;https://cdnpro.eraspace.com/media/catalog/product/i/p/ipad_gen_10_10_9_inci_wi-fi_blue_1.jpg;9999000;Blue;;;256 GB;;Wi-Fi;;;;;21
277;https://cdnpro.eraspace.com/media/catalog/product/i/p/ipad_gen_10_10_9_inci_wi-fi_pink_1.jpg;9999000;Pink;;;256 GB;;Wi-Fi;;;;;21
278;https://cdnpro.eraspace.com/media/catalog/product/i/p/ipad_gen_10_10_9_inci_wi-fi_silver_1.jpg;9999000;Silver;;;256 GB;;Wi-Fi;;;;;21
279;https://cdnpro.eraspace.com/media/catalog/product/i/p/ipad_gen_10_10_9_inci_wi-fi_yellow_1.jpg;9999000;Yellow;;;256 GB;;Wi-Fi;;;;;21
280;https://cdnpro.eraspace.com/media/catalog/product/i/p/ipad_gen_10_10_9_inci_wi-fi_blue_1.jpg;12999000;Blue;;;256 GB;;Wi-Fi + Cellular;;;;;21
281;https://cdnpro.eraspace.com/media/catalog/product/i/p/ipad_gen_10_10_9_inci_wi-fi_pink_1.jpg;12999000;Pink;;;256 GB;;Wi-Fi + Cellular;;;;;21
282;https://cdnpro.eraspace.com/media/catalog/product/i/p/ipad_gen_10_10_9_inci_wi-fi_silver_1.jpg;12999000;Silver;;;256 GB;;Wi-Fi + Cellular;;;;;21
283;https://cdnpro.eraspace.com/media/catalog/product/i/p/ipad_gen_10_10_9_inci_wi-fi_yellow_1.jpg;12999000;Yellow;;;256 GB;;Wi-Fi + Cellular;;;;;21
284;https://cdnpro.eraspace.com/media/catalog/product/m/k/mk2k3paa0_2.jpg;4999000;Space Grey;;;64 GB;;Wi-Fi;;;;;22
285;https://cdnpro.eraspace.com/media/catalog/product/m/k/mk2l3paa0_1_2.jpg;4999000;Silver ;;;64 GB;;Wi-Fi;;;;;22
286;https://cdnpro.eraspace.com/media/catalog/product/m/k/mk2k3paa0_2.jpg;7799000;Space Grey;;;64 GB;;Wi-Fi + Cellular;;;;;22
287;https://cdnpro.eraspace.com/media/catalog/product/m/k/mk2l3paa0_1_2.jpg;7799000;Silver ;;;64 GB;;Wi-Fi + Cellular;;;;;22
288;https://cdnpro.eraspace.com/media/catalog/product/m/k/mk2k3paa0_2.jpg;7799000;Space Grey;;;256 GB;;Wi-Fi;;;;;22
289;https://cdnpro.eraspace.com/media/catalog/product/m/k/mk2l3paa0_1_2.jpg;7799000;Silver ;;;256 GB;;Wi-Fi;;;;;22
290;https://cdnpro.eraspace.com/media/catalog/product/m/k/mk2k3paa0_2.jpg;10299000;Space Grey;;;256 GB;;Wi-Fi + Cellular;;;;;22
291;https://cdnpro.eraspace.com/media/catalog/product/m/k/mk2l3paa0_1_2.jpg;10299000;Silver ;;;256 GB;;Wi-Fi + Cellular;;;;;22
292;https://cdnpro.eraspace.com/media/catalog/product/m/k/mk7m3paa0_1_1.jpg;9099000;Space Gray;;;64 GB;;Wi-Fi;;;;;23
293;https://cdnpro.eraspace.com/media/catalog/product/m/k/mk7p3paa0_2.jpg;9099000;Starlight;;;64 GB;;Wi-Fi;;;;;23
294;https://cdnpro.eraspace.com/media/catalog/product/m/k/mk7r3paa0_2.jpg;9099000;Purple ;;;64 GB;;Wi-Fi;;;;;23
295;https://cdnpro.eraspace.com/media/catalog/product/m/l/mlwl3paa0_2.jpg;9099000;Pink;;;64 GB;;Wi-Fi;;;;;23
296;https://cdnpro.eraspace.com/media/catalog/product/m/k/mk7m3paa0_1_1.jpg;12099000;Space Gray;;;64 GB;;Wi-Fi + Cellular;;;;;23
297;https://cdnpro.eraspace.com/media/catalog/product/m/k/mk7p3paa0_2.jpg;12099000;Starlight;;;64 GB;;Wi-Fi + Cellular;;;;;23
298;https://cdnpro.eraspace.com/media/catalog/product/m/l/mlwl3paa0_2.jpg;12099000;Pink;;;64 GB;;Wi-Fi + Cellular;;;;;23
299;https://cdnpro.eraspace.com/media/catalog/product/m/k/mk7m3paa0_1_1.jpg;12099000;Space Gray;;;256 GB;;Wi-Fi;;;;;23
300;https://cdnpro.eraspace.com/media/catalog/product/m/k/mk7m3paa0_1_1.jpg;15199000;Space Gray;;;256 GB;;Wi-Fi + Cellular;;;;;23
301;https://cdnpro.eraspace.com/media/catalog/product/m/k/mk7p3paa0_2.jpg;15199000;Starlight;;;256 GB;;Wi-Fi + Cellular;;;;;23
302;https://cdnpro.eraspace.com/media/catalog/product/m/k/mk7r3paa0_2.jpg;15199000;Purple ;;;256 GB;;Wi-Fi + Cellular;;;;;23
303;https://cdnpro.eraspace.com/media/catalog/product/m/l/mlwl3paa0_2.jpg;15199000;Pink;;;256 GB;;Wi-Fi + Cellular;;;;;23
304;https://cdnpro.eraspace.com/media/catalog/product/a/p/apple_iphone_15_pro_blue_titanium_1_6.jpg;18249000;Blue Titanium;;;128 GB;;;;;;;24
305;https://cdnpro.eraspace.com/media/catalog/product/a/p/apple_iphone_15_pro_white_titanium_1_4.jpg;18249000;White Titanium;;;128 GB;;;;;;;24
306;https://cdnpro.eraspace.com/media/catalog/product/a/p/apple_iphone_15_pro_black_titanium_1_4.jpg;18249000;Black Titanium;;;128 GB;;;;;;;24
307;https://cdnpro.eraspace.com/media/catalog/product/a/p/apple_iphone_15_pro_natural_titanium_1_4_1.jpg;21249000;Natural Titanium;;;256 GB;;;;;;;24
308;https://cdnpro.eraspace.com/media/catalog/product/a/p/apple_iphone_15_pro_blue_titanium_1_6.jpg;21249000;Blue Titanium;;;256 GB;;;;;;;24
309;https://cdnpro.eraspace.com/media/catalog/product/a/p/apple_iphone_15_pro_white_titanium_1_4.jpg;21249000;White Titanium;;;256 GB;;;;;;;24
310;https://cdnpro.eraspace.com/media/catalog/product/a/p/apple_iphone_15_pro_black_titanium_1_4.jpg;21249000;Black Titanium;;;256 GB;;;;;;;24
311;https://cdnpro.eraspace.com/media/catalog/product/a/p/apple_iphone_15_pro_natural_titanium_1_4_1.jpg;25249000;Natural Titanium;;;512 GB;;;;;;;24
312;https://cdnpro.eraspace.com/media/catalog/product/a/p/apple_iphone_15_pro_blue_titanium_1_6.jpg;25249000;Blue Titanium;;;512 GB;;;;;;;24
313;https://cdnpro.eraspace.com/media/catalog/product/a/p/apple_iphone_15_pro_white_titanium_1_4.jpg;25249000;White Titanium;;;512 GB;;;;;;;24
314;https://cdnpro.eraspace.com/media/catalog/product/a/p/apple_iphone_15_pro_black_titanium_1_4.jpg;25249000;Black Titanium;;;512 GB;;;;;;;24
315;https://cdnpro.eraspace.com/media/catalog/product/a/p/apple_iphone_15_pro_natural_titanium_1_4_1.jpg;29249000;Natural Titanium;;;1 TB;;;;;;;24
316;https://cdnpro.eraspace.com/media/catalog/product/a/p/apple_iphone_15_pro_blue_titanium_1_6.jpg;29249000;Blue Titanium;;;1 TB;;;;;;;24
317;https://cdnpro.eraspace.com/media/catalog/product/a/p/apple_iphone_15_pro_white_titanium_1_4.jpg;29249000;White Titanium;;;1 TB;;;;;;;24
318;https://cdnpro.eraspace.com/media/catalog/product/a/p/apple_iphone_15_pro_black_titanium_1_4.jpg;29249000;Black Titanium;;;1 TB;;;;;;;24
319;https://cdnpro.eraspace.com/media/catalog/product/a/p/apple_iphone_15_pro_max_natural_titanium_1_1_2.jpg;22249000;Natural Titanium;;;256 GB;;;;;;;25
320;https://cdnpro.eraspace.com/media/catalog/product/a/p/apple_iphone_15_pro_max_blue_titanium_1.jpg;22249000;Blue Titanium;;;256 GB;;;;;;;25
321;https://cdnpro.eraspace.com/media/catalog/product/a/p/apple_iphone_15_pro_max_white_titanium_1.jpg;22249000;White Titanium;;;256 GB;;;;;;;25
322;https://cdnpro.eraspace.com/media/catalog/product/a/p/apple_iphone_15_pro_max_black_titanium_1_1.jpg;22249000;Black Titanium;;;256 GB;;;;;;;25
323;https://cdnpro.eraspace.com/media/catalog/product/a/p/apple_iphone_15_pro_max_natural_titanium_1_1_2.jpg;27249000;Natural Titanium;;;512 GB;;;;;;;25
324;https://cdnpro.eraspace.com/media/catalog/product/a/p/apple_iphone_15_pro_max_white_titanium_1.jpg;27249000;White Titanium;;;512 GB;;;;;;;25
325;https://cdnpro.eraspace.com/media/catalog/product/a/p/apple_iphone_15_pro_max_black_titanium_1_1.jpg;27249000;Black Titanium;;;512 GB;;;;;;;25
326;https://cdnpro.eraspace.com/media/catalog/product/a/p/apple_iphone_15_pro_max_blue_titanium_1.jpg;31249000;Blue Titanium;;;1 TB;;;;;;;25
327;https://cdnpro.eraspace.com/media/catalog/product/a/p/apple_iphone_15_pro_max_white_titanium_1.jpg;31249000;White Titanium;;;1 TB;;;;;;;25
328;https://cdnpro.eraspace.com/media/catalog/product/a/p/apple_iphone_15_blue_1.jpg;12999000;Blue;;;128 GB;;;;;;;26
329;https://cdnpro.eraspace.com/media/catalog/product/a/p/apple_iphone_15_pink_1_3.jpg;12999000;Pink;;;128 GB;;;;;;;26
330;https://cdnpro.eraspace.com/media/catalog/product/a/p/apple_iphone_15_yellow_1_3.jpg;12999000;Yellow;;;128 GB;;;;;;;26
331;https://cdnpro.eraspace.com/media/catalog/product/a/p/apple_iphone_15_green_1.jpg;12999000;Green;;;128 GB;;;;;;;26
332;https://cdnpro.eraspace.com/media/catalog/product/a/p/apple_iphone_15_black_1_1.jpg;12999000;Black;;;128 GB;;;;;;;26
333;https://cdnpro.eraspace.com/media/catalog/product/a/p/apple_iphone_15_blue_1.jpg;15999000;Blue;;;256 GB;;;;;;;26
334;https://cdnpro.eraspace.com/media/catalog/product/a/p/apple_iphone_15_pink_1_3.jpg;15999000;Pink;;;256 GB;;;;;;;26
335;https://cdnpro.eraspace.com/media/catalog/product/a/p/apple_iphone_15_yellow_1_3.jpg;15999000;Yellow;;;256 GB;;;;;;;26
336;https://cdnpro.eraspace.com/media/catalog/product/a/p/apple_iphone_15_green_1.jpg;15999000;Green;;;256 GB;;;;;;;26
337;https://cdnpro.eraspace.com/media/catalog/product/a/p/apple_iphone_15_black_1_1.jpg;15999000;Black;;;256 GB;;;;;;;26
338;https://cdnpro.eraspace.com/media/catalog/product/a/p/apple_iphone_15_blue_1.jpg;19999000;Blue;;;512 GB;;;;;;;26
339;https://cdnpro.eraspace.com/media/catalog/product/a/p/apple_iphone_15_pink_1_3.jpg;19999000;Pink;;;512 GB;;;;;;;26
340;https://cdnpro.eraspace.com/media/catalog/product/a/p/apple_iphone_15_yellow_1_3.jpg;19999000;Yellow;;;512 GB;;;;;;;26
341;https://cdnpro.eraspace.com/media/catalog/product/a/p/apple_iphone_15_green_1.jpg;19999000;Green;;;512 GB;;;;;;;26
342;https://cdnpro.eraspace.com/media/catalog/product/a/p/apple_iphone_15_black_1_1.jpg;19999000;Black;;;512 GB;;;;;;;26
343;https://cdnpro.eraspace.com/media/catalog/product/a/p/apple_iphone_15_plus_blue_1.jpg;15999000;Blue;;;128 GB;;;;;;;27
344;https://cdnpro.eraspace.com/media/catalog/product/a/p/apple_iphone_15_plus_pink_1.jpg;15999000;Pink;;;128 GB;;;;;;;27
345;https://cdnpro.eraspace.com/media/catalog/product/a/p/apple_iphone_15_plus_yellow_1_1.jpg;15999000;Yellow;;;128 GB;;;;;;;27
346;https://cdnpro.eraspace.com/media/catalog/product/a/p/apple_iphone_15_plus_green_1_1.jpg;15999000;Green;;;128 GB;;;;;;;27
347;https://cdnpro.eraspace.com/media/catalog/product/a/p/apple_iphone_15_plus_black_1.jpg;15999000;Black;;;128 GB;;;;;;;27
348;https://cdnpro.eraspace.com/media/catalog/product/a/p/apple_iphone_15_plus_blue_1.jpg;18999000;Blue;;;256 GB;;;;;;;27
349;https://cdnpro.eraspace.com/media/catalog/product/a/p/apple_iphone_15_plus_pink_1.jpg;18999000;Pink;;;256 GB;;;;;;;27
350;https://cdnpro.eraspace.com/media/catalog/product/a/p/apple_iphone_15_plus_yellow_1_1.jpg;18999000;Yellow;;;256 GB;;;;;;;27
351;https://cdnpro.eraspace.com/media/catalog/product/a/p/apple_iphone_15_plus_green_1_1.jpg;18999000;Green;;;256 GB;;;;;;;27
352;https://cdnpro.eraspace.com/media/catalog/product/a/p/apple_iphone_15_plus_black_1.jpg;18999000;Black;;;256 GB;;;;;;;27
353;https://cdnpro.eraspace.com/media/catalog/product/a/p/apple_iphone_15_plus_blue_1.jpg;23249000;Blue;;;512 GB;;;;;;;27
354;https://cdnpro.eraspace.com/media/catalog/product/a/p/apple_iphone_15_plus_pink_1.jpg;23249000;Pink;;;512 GB;;;;;;;27
355;https://cdnpro.eraspace.com/media/catalog/product/a/p/apple_iphone_15_plus_yellow_1_1.jpg;23249000;Yellow;;;512 GB;;;;;;;27
356;https://cdnpro.eraspace.com/media/catalog/product/a/p/apple_iphone_15_plus_green_1_1.jpg;23249000;Green;;;512 GB;;;;;;;27
357;https://cdnpro.eraspace.com/media/catalog/product/a/p/apple_iphone_15_plus_black_1.jpg;23249000;Black;;;512 GB;;;;;;;27
358;https://cdnpro.eraspace.com/media/catalog/product/i/p/iphone_14_yellow_1_3.jpg;12249000;Yellow;;;128 GB;;;;;;;28
359;https://cdnpro.eraspace.com/media/catalog/product/i/p/iphone_14_product_red_1.jpg;12249000;Red;;;128 GB;;;;;;;28
360;https://cdnpro.eraspace.com/media/catalog/product/i/p/iphone_14_purple_1.jpg;12249000;Purple;;;128 GB;;;;;;;28
361;https://cdnpro.eraspace.com/media/catalog/product/i/p/iphone_14_starlight_1.jpg;12249000;Starlight;;;128 GB;;;;;;;28
362;https://cdnpro.eraspace.com/media/catalog/product/i/p/iphone_14_midnight_1.jpg;12249000;Midnight;;;128 GB;;;;;;;28
363;https://cdnpro.eraspace.com/media/catalog/product/i/p/iphone_14_blue_1.jpg;12249000;Blue;;;128 GB;;;;;;;28
364;https://cdnpro.eraspace.com/media/catalog/product/i/p/iphone_14_yellow_1_3.jpg;15049000;Yellow;;;256 GB;;;;;;;28
365;https://cdnpro.eraspace.com/media/catalog/product/i/p/iphone_14_product_red_1.jpg;15049000;Red;;;256 GB;;;;;;;28
366;https://cdnpro.eraspace.com/media/catalog/product/i/p/iphone_14_purple_1.jpg;15049000;Purple;;;256 GB;;;;;;;28
367;https://cdnpro.eraspace.com/media/catalog/product/i/p/iphone_14_starlight_1.jpg;15049000;Starlight;;;256 GB;;;;;;;28
368;https://cdnpro.eraspace.com/media/catalog/product/i/p/iphone_14_midnight_1.jpg;15049000;Midnight;;;256 GB;;;;;;;28
369;https://cdnpro.eraspace.com/media/catalog/product/i/p/iphone_14_blue_1.jpg;15049000;Blue;;;256 GB;;;;;;;28
370;https://cdnpro.eraspace.com/media/catalog/product/i/p/iphone_14_yellow_1_3.jpg;23249000;Yellow;;;512 GB;;;;;;;28
371;https://cdnpro.eraspace.com/media/catalog/product/i/p/iphone_14_product_red_1.jpg;23249000;Red;;;512 GB;;;;;;;28
372;https://cdnpro.eraspace.com/media/catalog/product/i/p/iphone_14_purple_1.jpg;23249000;Purple;;;512 GB;;;;;;;28
373;https://cdnpro.eraspace.com/media/catalog/product/i/p/iphone_14_starlight_1.jpg;23249000;Starlight;;;512 GB;;;;;;;28
374;https://cdnpro.eraspace.com/media/catalog/product/i/p/iphone_14_midnight_1.jpg;23249000;Midnight;;;512 GB;;;;;;;28
375;https://cdnpro.eraspace.com/media/catalog/product/i/p/iphone_14_plus_yellow_1_3.jpg;17999000;Yellow;;;128 GB;;;;;;;29
376;https://cdnpro.eraspace.com/media/catalog/product/i/p/iphone_14_plus_product_red_1.jpg;17999000;Red;;;128 GB;;;;;;;29
377;https://cdnpro.eraspace.com/media/catalog/product/i/p/iphone_14_plus_purple_1.jpg;17999000;Purple;;;128 GB;;;;;;;29
378;https://cdnpro.eraspace.com/media/catalog/product/i/p/iphone_14_plus_starlight_1.jpg;17999000;Starlight;;;128 GB;;;;;;;29
379;https://cdnpro.eraspace.com/media/catalog/product/i/p/iphone_14_plus_midnight_1.jpg;17999000;Midnight;;;128 GB;;;;;;;29
380;https://cdnpro.eraspace.com/media/catalog/product/i/p/iphone_14_plus_blue_1.jpg;17999000;Blue;;;128 GB;;;;;;;29
381;https://cdnpro.eraspace.com/media/catalog/product/i/p/iphone_14_plus_yellow_1_3.jpg;20999000;Yellow;;;256 GB;;;;;;;29
382;https://cdnpro.eraspace.com/media/catalog/product/i/p/iphone_14_plus_product_red_1.jpg;20999000;Red;;;256 GB;;;;;;;29
383;https://cdnpro.eraspace.com/media/catalog/product/i/p/iphone_14_plus_purple_1.jpg;20999000;Purple;;;256 GB;;;;;;;29
384;https://cdnpro.eraspace.com/media/catalog/product/i/p/iphone_14_plus_starlight_1.jpg;20999000;Starlight;;;256 GB;;;;;;;29
385;https://cdnpro.eraspace.com/media/catalog/product/i/p/iphone_14_plus_midnight_1.jpg;20999000;Midnight;;;256 GB;;;;;;;29
386;https://cdnpro.eraspace.com/media/catalog/product/i/p/iphone_14_plus_blue_1.jpg;20999000;Blue;;;256 GB;;;;;;;29
387;https://cdnpro.eraspace.com/media/catalog/product/i/p/iphone_14_plus_yellow_1_3.jpg;24999000;Yellow;;;512 GB;;;;;;;29
388;https://cdnpro.eraspace.com/media/catalog/product/i/p/iphone_14_plus_product_red_1.jpg;24999000;Red;;;512 GB;;;;;;;29
389;https://cdnpro.eraspace.com/media/catalog/product/i/p/iphone_14_plus_purple_1.jpg;24999000;Purple;;;512 GB;;;;;;;29
390;https://cdnpro.eraspace.com/media/catalog/product/i/p/iphone_14_plus_midnight_1.jpg;24999000;Starlight;;;512 GB;;;;;;;29
391;https://cdnpro.eraspace.com/media/catalog/product/i/p/iphone_14_plus_blue_1.jpg;24999000;Midnight;;;512 GB;;;;;;;29
392;https://cdnpro.eraspace.com/media/catalog/product/i/p/iphone_13_green_1_1_1.jpg;8999000;Green;;;128 GB;;;;;;;30
393;https://cdnpro.eraspace.com/media/catalog/product/i/p/iphone_13_pink_1_1.jpg;8999000;Pink;;;128 GB;;;;;;;30
394;https://cdnpro.eraspace.com/media/catalog/product/i/p/iphone_13_blue_1_1.jpg;8999000;Blue;;;128 GB;;;;;;;30
395;https://cdnpro.eraspace.com/media/catalog/product/i/p/iphone_13_midnight_1_1.jpg;8999000;Midnight;;;128 GB;;;;;;;30
396;https://cdnpro.eraspace.com/media/catalog/product/i/p/iphone_13_starlight_1_1.jpg;8999000;Starlight;;;128 GB;;;;;;;30
397;https://cdnpro.eraspace.com/media/catalog/product/i/p/iphone_13_product_red_1_1.jpg;8999000;Pink;;;128 GB;;;;;;;30
398;https://cdnpro.eraspace.com/media/catalog/product/i/p/iphone_13_green_1_1_1.jpg;11499000;Green;;;256 GB;;;;;;;30
399;https://cdnpro.eraspace.com/media/catalog/product/i/p/iphone_13_pink_1_1.jpg;11499000;Pink;;;256 GB;;;;;;;30
400;https://cdnpro.eraspace.com/media/catalog/product/i/p/iphone_13_blue_1_1.jpg;11499000;Blue;;;256 GB;;;;;;;30
401;https://cdnpro.eraspace.com/media/catalog/product/i/p/iphone_13_midnight_1_1.jpg;11499000;Midnight ;;;256 GB;;;;;;;30
402;https://cdnpro.eraspace.com/media/catalog/product/i/p/iphone_13_starlight_1_1.jpg;11499000;Starlight;;;256 GB;;;;;;;30
403;https://cdnpro.eraspace.com/media/catalog/product/i/p/iphone_13_product_red_1_1.jpg;11499000;Red;;;256 GB;;;;;;;30
404;https://cdnpro.eraspace.com/media/catalog/product/i/p/iphone_12_black_1.jpg;7499000;Black;;;64 GB;;;;;;;31
405;https://cdnpro.eraspace.com/media/catalog/product/i/p/iphone_12_white_1.jpg;7499000;White;;;64 GB;;;;;;;31
406;https://cdnpro.eraspace.com/media/catalog/product/i/p/iphone_12_product_red_1.jpg;7499000;Red;;;64 GB;;;;;;;31
407;https://cdnpro.eraspace.com/media/catalog/product/i/p/iphone_12_green_2.jpg;7499000;Green;;;64 GB;;;;;;;31
408;https://cdnpro.eraspace.com/media/catalog/product/i/p/iphone_12_blue_1.jpg;7499000;Blue;;;64 GB;;;;;;;31
409;https://cdnpro.eraspace.com/media/catalog/product/i/p/iphone_12_purple_1_3.jpg;7499000;Purple;;;64 GB;;;;;;;31
410;https://cdnpro.eraspace.com/media/catalog/product/i/p/iphone_12_black_1.jpg;7999000;Black;;;128 GB;;;;;;;31
411;https://cdnpro.eraspace.com/media/catalog/product/i/p/iphone_12_white_1.jpg;7999000;White;;;128 GB;;;;;;;31
412;https://cdnpro.eraspace.com/media/catalog/product/i/p/iphone_12_product_red_1.jpg;7999000;Red;;;128 GB;;;;;;;31
413;https://cdnpro.eraspace.com/media/catalog/product/i/p/iphone_12_green_2.jpg;7999000;Green;;;128 GB;;;;;;;31
414;https://cdnpro.eraspace.com/media/catalog/product/i/p/iphone_12_blue_1.jpg;7999000;Blue;;;128 GB;;;;;;;31
415;https://cdnpro.eraspace.com/media/catalog/product/i/p/iphone_12_purple_1_3.jpg;7999000;Purple;;;128 GB;;;;;;;31
416;https://cdnpro.eraspace.com/media/catalog/product/i/p/iphone_12_product_red_1.jpg;14999000;Red;;;256 GB;;;;;;;31
417;https://cdnpro.eraspace.com/media/catalog/product/a/p/apple_watch_se_gps_40mm_midnight_aluminium_case_with_midnight_sport_band_gen_2__01_1.jpg;4499000;Midnight;;;;;GPS;Alumunium;40 mm;Midnight;S/M;32
418;https://cdnpro.eraspace.com/media/catalog/product/a/p/apple_watch_se_gps_40mm_starlight_aluminium_case_with_starlight_sport_band_gen_2__01_1.jpg;4499000;Starlight ;;;;;GPS;Alumunium;40 mm;Starlight;S/M;32
419;https://cdnpro.eraspace.com/media/catalog/product/a/p/apple_watch_se_gps_40mm_midnight_aluminium_case_with_midnight_sport_band_gen_2__01_1.jpg;4499000;Midnight;;;;;GPS;Alumunium;40 mm;Midnight;M/L;32
420;https://cdnpro.eraspace.com/media/catalog/product/a/p/apple_watch_se_gps_44mm_starlight_aluminium_case_with_starlight_sport_band_gen_2__01_1.jpg;4499000;Starlight ;;;;;GPS;Alumunium;40 mm;Starlight;M/L;32
421;https://cdnpro.eraspace.com/media/catalog/product/a/p/apple_watch_se_gps_44mm_silver_aluminium_case_with_denim_sport_band_gen_2__01_1.jpg;4499000;Silver;;;;;GPS;Alumunium;40 mm;Denim;M/L;32
422;https://cdnpro.eraspace.com/media/catalog/product/a/p/apple_watch_se_gps_44mm_midnight_aluminium_case_with_midnight_sport_band_gen_2__01_2_1.jpg;4999000;Midnight;;;;;GPS;Alumunium;44 mm;Midnight;S/M;32
423;https://cdnpro.eraspace.com/media/catalog/product/a/p/apple_watch_se_gps_44mm_starlight_aluminium_case_with_starlight_sport_band_gen_2__01_1.jpg;4999000;Starlight ;;;;;GPS;Alumunium;44 mm;Starlight;S/M;32
424;https://cdnpro.eraspace.com/media/catalog/product/a/p/apple_watch_se_gps_44mm_silver_aluminium_case_with_denim_sport_band_gen_2__01_1.jpg;4999000;Silver;;;;;GPS;Alumunium;44 mm;Denim;S/M;32
425;https://cdnpro.eraspace.com/media/catalog/product/a/p/apple_watch_se_gps_44mm_midnight_aluminium_case_with_midnight_sport_band_gen_2__01_2.jpg;4999000;Midnight;;;;;GPS;Alumunium;44 mm;Midnight;M/L;32
426;https://cdnpro.eraspace.com/media/catalog/product/a/p/apple_watch_se_gps_44mm_starlight_aluminium_case_with_starlight_sport_band_gen_2__01.jpg;4999000;Starlight ;;;;;GPS;Alumunium;44 mm;Starlight;M/L;32
427;https://cdnpro.eraspace.com/media/catalog/product/a/p/apple_watch_se_gps_44mm_silver_aluminium_case_with_denim_sport_band_gen_2__01.jpg;4999000;Silver;;;;;GPS;Alumunium;44 mm;Denim;M/L;32
428;https://cdnpro.eraspace.com/media/catalog/product/a/p/apple_watch_se_gps_40mm_midnight_aluminium_case_with_ink_sport_loop_gen_2__01.jpg;4499000;Midnight;;;;;GPS;Alumunium;40 mm;Ink;One Size;33
429;https://cdnpro.eraspace.com/media/catalog/product/a/p/apple_watch_se_gps_40mm_starlight_aluminium_case_with_lake_green_sport_loop_gen_2__01.jpg;4499000;Starlight ;;;;;GPS;Alumunium;40 mm;Lake Green;One Size;33
430;https://cdnpro.eraspace.com/media/catalog/product/a/p/apple_watch_se_gps_40mm_silver_aluminium_case_with_blue_cloud_sport_loop_gen_2__01.jpg;4499000;Silver;;;;;GPS;Alumunium;40 mm;Blue Cloud;One Size;33
431;https://cdnpro.eraspace.com/media/catalog/product/a/p/apple_watch_se_gps_44mm_midnight_aluminium_case_with_ink_sport_loop_gen_2__01.jpg;4999000;Midnight;;;;;GPS;Alumunium;44 mm;Ink;One Size;33
432;https://cdnpro.eraspace.com/media/catalog/product/a/p/apple_watch_se_gps_44mm_starlight_aluminium_case_with_lake_green_sport_loop_gen_2__01.jpg;4999000;Starlight ;;;;;GPS;Alumunium;44 mm;Lake Green;One Size;33
433;https://cdnpro.eraspace.com/media/catalog/product/a/p/apple_watch_se_gps_44mm_silver_aluminium_case_with_blue_cloud_sport_loop_gen_2__01_1.jpg;4999000;Silver;;;;;GPS;Alumunium;44 mm;Blue Cloud;One Size;33
434;https://cdnpro.eraspace.com/media/catalog/product/a/p/apple_watch_ultra_2_gps_49mm_cellular_natural_titanium_case_with_navy_ocean_band_01.jpg;14999000;Natural ;;;;;GPS;Titanium;49 mm;Navy;One Size;34
435;https://cdnpro.eraspace.com/media/catalog/product/a/p/apple_watch_ultra_2_gps_49mm_cellular_black_titanium_case_with_black_ocean_band_01.jpg;14999000;Black ;;;;;GPS;Titanium;49 mm;Black;One Size;34
436;https://cdnpro.eraspace.com/media/catalog/product/a/p/apple_watch_ultra_2_gps_49mm_cellular_natural_titanium_case_with_tan_alpine_loop_01_2.jpg;14999000;Natural ;;;;;GPS;Titanium;49 mm;Tan;Small;35
437;https://cdnpro.eraspace.com/media/catalog/product/a/p/apple_watch_ultra_2_gps_49mm_cellular_black_titanium_case_with_dark_green_alpine_loop_01_2.jpg;14999000;Black ;;;;;GPS;Titanium;49 mm;Dark Green;Small;35
438;https://cdnpro.eraspace.com/media/catalog/product/a/p/apple_watch_ultra_2_gps_49mm_cellular_natural_titanium_case_with_tan_alpine_loop_01_1.jpg;14999000;Natural ;;;;;GPS;Titanium;49 mm;Tan;Medium;35
439;https://cdnpro.eraspace.com/media/catalog/product/a/p/apple_watch_ultra_2_gps_49mm_cellular_black_titanium_case_with_dark_green_alpine_loop_01_1.jpg;14999000;Black ;;;;;GPS;Titanium;49 mm;Dark Green;Medium;35
440;https://cdnpro.eraspace.com/media/catalog/product/a/p/apple_watch_ultra_2_gps_49mm_cellular_natural_titanium_case_with_tan_alpine_loop_01.jpg;14999000;Natural ;;;;;GPS;Titanium;49 mm;Tan;Large;35
441;https://cdnpro.eraspace.com/media/catalog/product/a/p/apple_watch_ultra_2_gps_49mm_cellular_black_titanium_case_with_dark_green_alpine_loop_01.jpg;14999000;Black ;;;;;GPS;Titanium;49 mm;Dark Green;Large;35
442;https://cdnpro.eraspace.com/media/catalog/product/a/p/apple_watch_ultra_2_gps_49mm_cellular_natural_titanium_case_with_blue_trail_loop_01_1.jpg;14999000;Natural ;;;;;GPS;Titanium;49 mm;Blue;S/M;36
443;https://cdnpro.eraspace.com/media/catalog/product/a/p/apple_watch_ultra_2_gps_49mm_cellular_black_titanium_case_with_black_trail_loop_01_1.jpg;14999000;Black ;;;;;GPS;Titanium;49 mm;Black;S/M;36
444;https://cdnpro.eraspace.com/media/catalog/product/a/p/apple_watch_ultra_2_gps_49mm_cellular_natural_titanium_case_with_blue_trail_loop_01.jpg;14999000;Natural ;;;;;GPS;Titanium;49 mm;Blue;M/L;36
445;https://cdnpro.eraspace.com/media/catalog/product/a/p/apple_watch_ultra_2_gps_49mm_cellular_black_titanium_case_with_black_trail_loop_01.jpg;14999000;Black ;;;;;GPS;Titanium;49 mm;Black;M/L;36
446;https://cdnpro.eraspace.com/media/catalog/product/a/p/apple_watch_ultra_2_gps_49_cellular_natural_titanium_case_with_natural_titanium_milanese_loop_01_2.jpg;16999000;Natural ;;;;;GPS;Titanium;49 mm;Natural;Small;37
447;https://cdnpro.eraspace.com/media/catalog/product/a/p/apple_watch_ultra_2_gps_49_cellular_black_titanium_case_with_black_titanium_milanese_loop_01_2.jpg;16999000;Black ;;;;;GPS;Titanium;49 mm;Black;Small;37
448;https://cdnpro.eraspace.com/media/catalog/product/a/p/apple_watch_ultra_2_gps_49_cellular_natural_titanium_case_with_natural_titanium_milanese_loop_01_1.jpg;16999000;Natural ;;;;;GPS;Titanium;49 mm;Natural;Medium;37
449;https://cdnpro.eraspace.com/media/catalog/product/a/p/apple_watch_ultra_2_gps_49_cellular_black_titanium_case_with_black_titanium_milanese_loop_01_1.jpg;16999000;Black ;;;;;GPS;Titanium;49 mm;Black;Medium;37
450;https://cdnpro.eraspace.com/media/catalog/product/a/p/apple_watch_ultra_2_gps_49_cellular_natural_titanium_case_with_natural_titanium_milanese_loop_01.jpg;16999000;Natural ;;;;;GPS;Titanium;49 mm;Natural;Large;37
451;https://cdnpro.eraspace.com/media/catalog/product/a/p/apple_watch_ultra_2_gps_49_cellular_black_titanium_case_with_black_titanium_milanese_loop_01.jpg;16999000;Black ;;;;;GPS;Titanium;49 mm;Black;Large;37
452;https://cdnpro.eraspace.com/media/catalog/product/a/p/apple_watch_series_9_41mm_gps_midnight_aluminium_case_with_midnight_sport_loop_1.jpg;7499000;Midnight;;;;;GPS;Alumunium;41 mm;Midnight;One Size;38
453;https://cdnpro.eraspace.com/media/catalog/product/a/p/apple_watch_series_9_41mm_gps_silver_aluminium_case_with_winter_blue_sport_loop_1.jpg;7499000;Silver;;;;;GPS;Alumunium;41 mm;Winter Blue;One Size;38
454;https://cdnpro.eraspace.com/media/catalog/product/a/p/apple_watch_series_9_41mm_gps_starlight_aluminium_case_with_starlight_sport_loop_1.jpg;7499000;Starlight ;;;;;GPS;Alumunium;41 mm;Starlight;One Size;38
455;https://cdnpro.eraspace.com/media/catalog/product/a/p/apple_watch_series_9_41mm_gps_pink_aluminium_case_with_light_pink_sport_loop_1.jpg;7499000;Pink;;;;;GPS;Alumunium;41 mm;Light Pink;One Size;38
456;https://cdnpro.eraspace.com/media/catalog/product/a/p/apple_watch_series_9_45mm_gps_midnight_aluminium_case_with_midnight_sport_loop_1.jpg;7999000;Midnight;;;;;GPS;Alumunium;45 mm;Midnight;One Size;38
457;https://cdnpro.eraspace.com/media/catalog/product/a/p/apple_watch_series_9_45mm_gps_silver_aluminium_case_with_winter_blue_sport_loop_1.jpg;7999000;Silver;;;;;GPS;Alumunium;45 mm;Winter Blue;One Size;38
458;https://cdnpro.eraspace.com/media/catalog/product/a/p/apple_watch_series_9_45mm_gps_starlight_aluminium_case_with_starlight_sport_loop_1.jpg;7999000;Starlight;;;;;GPS;Alumunium;45 mm;Starlight;One Size;38
459;ttps://cdnpro.eraspace.com/media/catalog/product/a/p/apple_watch_series_9_45mm_gps_pink_aluminium_case_with_light_pink_sport_loop_1.jpg;7999000;Pink;;;;;GPS;Alumunium;45 mm;Light Pink;One Size;38
460;https://cdnpro.eraspace.com/media/catalog/product/a/p/apple_watch_series_9_41mm_gps_midnight_aluminium_case_with_midnight_sport_band_1.jpg;7499000;Midnight;;;;;GPS;Alumunium;41 mm;Midnight;S/M;39
461;https://cdnpro.eraspace.com/media/catalog/product/a/p/apple_watch_series_9_41mm_gps_product_red_aluminium_case_with_product_red_sport_band_1.jpg;7499000;Red;;;;;GPS;Alumunium;41 mm;Red;S/M;39
462;https://cdnpro.eraspace.com/media/catalog/product/a/p/apple_watch_series_9_41mm_gps_starlight_aluminium_case_with_starlight_sport_band_1.jpg;7499000;Starlight ;;;;;GPS;Alumunium;41 mm;Starlight;S/M;39
463;https://cdnpro.eraspace.com/media/catalog/product/a/p/apple_watch_series_9_41mm_gps_silver_aluminium_case_with_storm_blue_sport_band_1.jpg;7499000;Silver;;;;;GPS;Alumunium;41 mm;Storm Blue;S/M;39
464;https://cdnpro.eraspace.com/media/catalog/product/a/p/apple_watch_series_9_41mm_gps_pink_aluminium_case_with_light_pink_sport_band_1.jpg;7499000;Pink;;;;;GPS;Alumunium;41 mm;Light Pink;S/M;39
465;https://cdnpro.eraspace.com/media/catalog/product/a/p/apple_watch_series_9_41mm_gps_midnight_aluminium_case_with_midnight_sport_band_1.jpg;7499000;Midnight;;;;;GPS;Alumunium;41 mm;Midnight;M/L;39
466;https://cdnpro.eraspace.com/media/catalog/product/a/p/apple_watch_series_9_41mm_gps_product_red_aluminium_case_with_product_red_sport_band_1.jpg;7499000;Red;;;;;GPS;Alumunium;41 mm;Red;M/L;39
467;https://cdnpro.eraspace.com/media/catalog/product/a/p/apple_watch_series_9_41mm_gps_starlight_aluminium_case_with_starlight_sport_band_1.jpg;7499000;Starlight ;;;;;GPS;Alumunium;41 mm;Starlight;M/L;39
468;https://cdnpro.eraspace.com/media/catalog/product/a/p/apple_watch_series_9_41mm_gps_silver_aluminium_case_with_storm_blue_sport_band_1.jpg;7499000;Silver;;;;;GPS;Alumunium;41 mm;Storm Blue;M/L;39
469;https://cdnpro.eraspace.com/media/catalog/product/a/p/apple_watch_series_9_41mm_gps_pink_aluminium_case_with_light_pink_sport_band_1.jpg;7499000;Pink;;;;;GPS;Alumunium;41 mm;Light Pink;M/L;39
470;https://cdnpro.eraspace.com/media/catalog/product/a/p/apple_watch_series_9_45mm_gps_midnight_aluminium_case_with_midnight_sport_band_1.jpg;7999000;Midnight;;;;;GPS;Alumunium;45 mm;Midnight;S/M;39
471;https://cdnpro.eraspace.com/media/catalog/product/a/p/apple_watch_series_9_45mm_gps_product_red_aluminium_case_with_product_red_sport_band_1.jpg;7999000;Red;;;;;GPS;Alumunium;45 mm;Red;S/M;39
472;https://cdnpro.eraspace.com/media/catalog/product/a/p/apple_watch_series_9_45mm_gps_starlight_aluminium_case_with_starlight_sport_band_1.jpg;7999000;Starlight ;;;;;GPS;Alumunium;45 mm;Starlight;S/M;39
473;https://cdnpro.eraspace.com/media/catalog/product/a/p/apple_watch_series_9_45mm_gps_silver_aluminium_case_with_storm_blue_sport_band_1.jpg;7999000;Silver;;;;;GPS;Alumunium;45 mm;Storm Blue;S/M;39
474;https://cdnpro.eraspace.com/media/catalog/product/a/p/apple_watch_series_9_45mm_gps_pink_aluminium_case_with_light_pink_sport_band_1.jpg;7999000;Pink;;;;;GPS;Alumunium;45 mm;Light Pink;S/M;39
475;https://cdnpro.eraspace.com/media/catalog/product/a/p/apple_watch_series_9_45mm_gps_midnight_aluminium_case_with_midnight_sport_band_1.jpg;7999000;Midnight;;;;;GPS;Alumunium;45 mm;Midnight;M/L;39
476;https://cdnpro.eraspace.com/media/catalog/product/a/p/apple_watch_series_9_45mm_gps_product_red_aluminium_case_with_product_red_sport_band_1.jpg;7999000;Red;;;;;GPS;Alumunium;45 mm;Red;M/L;39
477;https://cdnpro.eraspace.com/media/catalog/product/a/p/apple_watch_series_9_45mm_gps_starlight_aluminium_case_with_starlight_sport_band_1.jpg;7999000;Starlight ;;;;;GPS;Alumunium;45 mm;Starlight;M/L;39
478;https://cdnpro.eraspace.com/media/catalog/product/a/p/apple_watch_series_9_45mm_gps_silver_aluminium_case_with_storm_blue_sport_band_1.jpg;7999000;Silver;;;;;GPS;Alumunium;45 mm;Storm Blue;M/L;39
479;https://cdnpro.eraspace.com/media/catalog/product/a/p/apple_watch_series_9_45mm_gps_pink_aluminium_case_with_light_pink_sport_band_1.jpg;7999000;Pink;;;;;GPS;Alumunium;45 mm;Light Pink;M/L;39
480;https://cdnpro.eraspace.com/media/catalog/product/a/p/apple_airpods_pro_generasi_ke-2_usb-c_1_1.jpg;4299000;;;;;;;;;;;40
481;https://cdnpro.eraspace.com/media/catalog/product/a/p/apple_airpods_3rd_generation_with_lightning_charging_case1_1_1.jpg;2799000;;;;;;;;;;;41
482;https://cdnpro.eraspace.com/media/catalog/product/a/i/airpods_3rd_generation__1_1.jpg;2999000;;;;;;;;;;;42
483;https://cdnpro.eraspace.com/media/catalog/product/a/p/apple-airpods-with-charging-case-1_1.jpg;1899000;;;;;;;;;;;43
484;https://cdnpro.eraspace.com/media/catalog/product/a/p/apple_airpods_max_silver_1_1.jpg;8749000;;;;;;;;;;;44
